auctions,device_id,efficiency,fillRate,impressions,revPerMillionAuctions,utilization
25,27649902,25,25,25,25,25
25,77976143,25,25,25,25,25
25,94505118,25,25,25,25,25
25,95567133,25,25,25,25,25
25,130626194,25,25,25,25,25
25,197979400,25,25,25,25,25
25,236814099,25,25,25,25,25
25,239857572,25,25,25,25,25
25,248339814,25,25,25,25,25
25,255899487,25,25,25,25,25
25,268275843,25,25,25,25,25
25,359061273,25,25,25,25,25
25,377390196,25,25,25,25,25
25,398747026,25,25,25,25,25
25,525756959,25,25,25,25,25
25,573466827,25,25,25,25,25
25,686152327,25,25,25,25,25
25,688194343,25,25,25,25,25
25,727926347,25,25,25,25,25
25,731440952,25,25,25,25,25
25,732876227,25,25,25,25,25
25,791259308,25,25,25,25,25
25,958315968,25,25,25,25,25
25,1074473423,25,25,25,25,25
25,1123194017,25,25,25,25,25
25,1400535631,25,25,25,25,25
25,1487377622,25,25,25,25,25
25,1596411782,25,25,25,25,25
25,1625995274,25,25,25,25,25
25,1661319420,25,25,25,25,25
25,1877838848,25,25,25,25,25
25,1921719535,25,25,25,25,25
25,1979523847,25,25,25,25,25
25,2033451496,25,25,25,25,25
25,2054322374,25,25,25,25,25
25,2068284974,25,25,25,25,25
25,2140184092,25,25,25,25,25
25,2235595160,25,25,25,25,25
25,2357918735,25,25,25,25,25
25,2363255992,25,25,25,25,25
25,2427649252,25,25,25,25,25
25,2430270776,25,25,25,25,25
25,2639561302,25,25,25,25,25
25,2791805514,25,25,25,25,25
25,2864758521,25,25,25,25,25
25,2938372646,25,25,25,25,25
25,2941864638,25,25,25,25,25
25,3127994248,25,25,25,25,25
25,3401630190,25,25,25,25,25
25,3409457703,25,25,25,25,25
25,3509144630,25,25,25,25,25
25,3522034003,25,25,25,25,25
25,3581902535,25,25,25,25,25
25,3626836930,25,25,25,25,25
25,3662027214,25,25,25,25,25
25,3663080525,25,25,25,25,25
25,3682454847,25,25,25,25,25
25,3784457184,25,25,25,25,25
25,3940642061,25,25,25,25,25
25,4014641475,25,25,25,25,25
25,4035952219,25,25,25,25,25
25,4040765164,25,25,25,25,25
25,4047094140,25,25,25,25,25
25,4094221108,25,25,25,25,25
25,4272370846,25,25,25,25,25
25,5.41234E+18,25,25,25,25,25
25,5.41244E+18,25,25,25,25,25
25,5.41245E+18,25,25,25,25,25
25,5.41255E+18,25,25,25,25,25
25,5.41258E+18,25,25,25,25,25
25,5.41287E+18,25,25,25,25,25
25,5.41288E+18,25,25,25,25,25
25,5.41292E+18,25,25,25,25,25
25,5.41294E+18,25,25,25,25,25
25,5.41297E+18,25,25,25,25,25
25,5.41299E+18,25,25,25,25,25
25,5.41304E+18,25,25,25,25,25
25,5.41304E+18,25,25,25,25,25
25,5.41304E+18,25,25,25,25,25
25,5.41305E+18,25,25,25,25,25
25,5.41307E+18,25,25,25,25,25
25,5.41311E+18,25,25,25,25,25
25,5.41315E+18,25,25,25,25,25
25,5.41316E+18,25,25,25,25,25
25,5.41317E+18,25,25,25,25,25
25,5.41321E+18,25,25,25,25,25
25,5.41323E+18,25,25,25,25,25
25,5.41331E+18,25,25,25,25,25
25,5.41333E+18,25,25,25,25,25
25,5.41334E+18,25,25,25,25,25
25,5.41336E+18,25,25,25,25,25
25,5.41339E+18,25,25,25,25,25
25,5.41345E+18,25,25,25,25,25
25,5.41346E+18,25,25,25,25,25
25,5.41351E+18,25,25,25,25,25
25,5.41353E+18,25,25,25,25,25
25,5.41383E+18,25,25,25,25,25
25,5.41408E+18,25,25,25,25,25
25,5.41411E+18,25,25,25,25,25
25,5.41411E+18,25,25,25,25,25
25,5.41418E+18,25,25,25,25,25
25,5.4142E+18,25,25,25,25,25
25,5.41428E+18,25,25,25,25,25
25,5.41428E+18,25,25,25,25,25
25,5.41434E+18,25,25,25,25,25
25,5.4144E+18,25,25,25,25,25
25,5.4144E+18,25,25,25,25,25
25,5.4148E+18,25,25,25,25,25
25,5.41492E+18,25,25,25,25,25
25,5.41492E+18,25,25,25,25,25
25,5.41497E+18,25,25,25,25,25
25,5.41497E+18,25,25,25,25,25
25,5.41504E+18,25,25,25,25,25
25,5.41543E+18,25,25,25,25,25
25,5.41548E+18,25,25,25,25,25
25,5.41556E+18,25,25,25,25,25
25,5.4156E+18,25,25,25,25,25
25,5.41569E+18,25,25,25,25,25
25,5.41573E+18,25,25,25,25,25
25,5.41576E+18,25,25,25,25,25
25,5.41579E+18,25,25,25,25,25
25,5.41581E+18,25,25,25,25,25
25,5.41582E+18,25,25,25,25,25
25,5.41583E+18,25,25,25,25,25
25,5.41587E+18,25,25,25,25,25
25,5.41589E+18,25,25,25,25,25
25,5.41591E+18,25,25,25,25,25
25,5.41592E+18,25,25,25,25,25
25,5.41601E+18,25,25,25,25,25
25,5.41603E+18,25,25,25,25,25
25,5.41617E+18,25,25,25,25,25
25,5.4162E+18,25,25,25,25,25
25,5.4162E+18,25,25,25,25,25
25,5.41622E+18,25,25,25,25,25
25,5.41625E+18,25,25,25,25,25
25,5.41627E+18,25,25,25,25,25
25,5.41631E+18,25,25,25,25,25
25,5.41631E+18,25,25,25,25,25
25,5.41635E+18,25,25,25,25,25
25,5.41638E+18,25,25,25,25,25
25,5.4164E+18,25,25,25,25,25
25,5.41641E+18,25,25,25,25,25
25,5.41648E+18,25,25,25,25,25
25,5.41651E+18,25,25,25,25,25
25,5.41651E+18,25,25,25,25,25
25,5.41654E+18,25,25,25,25,25
25,5.41654E+18,25,25,25,25,25
25,5.41655E+18,25,25,25,25,25
25,5.41655E+18,25,25,25,25,25
25,5.41656E+18,25,25,25,25,25
25,5.41656E+18,25,25,25,25,25
25,5.41657E+18,25,25,25,25,25
25,5.41659E+18,25,25,25,25,25
25,5.41659E+18,25,25,25,25,25
25,5.41659E+18,25,25,25,25,25
25,5.4166E+18,25,25,25,25,25
25,5.41666E+18,25,25,25,25,25
25,5.41667E+18,25,25,25,25,25
25,5.41673E+18,25,25,25,25,25
25,5.41677E+18,25,25,25,25,25
25,5.41677E+18,25,25,25,25,25
25,5.41678E+18,25,25,25,25,25
25,5.41681E+18,25,25,25,25,25
25,5.41683E+18,25,25,25,25,25
25,5.41701E+18,25,25,25,25,25
25,5.41704E+18,25,25,25,25,25
25,5.41707E+18,25,25,25,25,25
25,5.41709E+18,25,25,25,25,25
25,5.4171E+18,25,25,25,25,25
25,5.41712E+18,25,25,25,25,25
25,5.41717E+18,25,25,25,25,25
25,5.41718E+18,25,25,25,25,25
25,5.41722E+18,25,25,25,25,25
25,5.41723E+18,25,25,25,25,25
25,5.41723E+18,25,25,25,25,25
25,5.41723E+18,25,25,25,25,25
25,5.41725E+18,25,25,25,25,25
25,5.41726E+18,25,25,25,25,25
25,5.41728E+18,25,25,25,25,25
25,5.41728E+18,25,25,25,25,25
25,5.4173E+18,25,25,25,25,25
25,5.4173E+18,25,25,25,25,25
25,5.41733E+18,25,25,25,25,25
25,5.41733E+18,25,25,25,25,25
25,5.41735E+18,25,25,25,25,25
25,5.41735E+18,25,25,25,25,25
25,5.41736E+18,25,25,25,25,25
25,5.41736E+18,25,25,25,25,25
25,5.41738E+18,25,25,25,25,25
25,5.41741E+18,25,25,25,25,25
25,5.41742E+18,25,25,25,25,25
25,5.41746E+18,25,25,25,25,25
25,5.41747E+18,25,25,25,25,25
25,5.41747E+18,25,25,25,25,25
25,5.41748E+18,25,25,25,25,25
25,5.41749E+18,25,25,25,25,25
25,5.41749E+18,25,25,25,25,25
25,5.4175E+18,25,25,25,25,25
25,5.41751E+18,25,25,25,25,25
25,5.41751E+18,25,25,25,25,25
25,5.41752E+18,25,25,25,25,25
25,5.41753E+18,25,25,25,25,25
25,5.41755E+18,25,25,25,25,25
25,5.41757E+18,25,25,25,25,25
25,5.41757E+18,25,25,25,25,25
25,5.41757E+18,25,25,25,25,25
25,5.41757E+18,25,25,25,25,25
25,5.41759E+18,25,25,25,25,25
25,5.4176E+18,25,25,25,25,25
25,5.4176E+18,25,25,25,25,25
25,5.41781E+18,25,25,25,25,25
25,5.41781E+18,25,25,25,25,25
25,5.41786E+18,25,25,25,25,25
25,5.41786E+18,25,25,25,25,25
25,5.41791E+18,25,25,25,25,25
25,5.41791E+18,25,25,25,25,25
25,5.41792E+18,25,25,25,25,25
25,5.41794E+18,25,25,25,25,25
25,5.41794E+18,25,25,25,25,25
25,5.41794E+18,25,25,25,25,25
25,5.41795E+18,25,25,25,25,25
25,5.41797E+18,25,25,25,25,25
25,5.418E+18,25,25,25,25,25
25,5.41803E+18,25,25,25,25,25
25,5.41805E+18,25,25,25,25,25
25,5.41806E+18,25,25,25,25,25
25,5.41808E+18,25,25,25,25,25
25,5.41809E+18,25,25,25,25,25
25,5.4181E+18,25,25,25,25,25
25,5.41814E+18,25,25,25,25,25
25,5.41815E+18,25,25,25,25,25
25,5.41815E+18,25,25,25,25,25
25,5.41816E+18,25,25,25,25,25
25,5.4182E+18,25,25,25,25,25
25,5.41821E+18,25,25,25,25,25
25,5.41823E+18,25,25,25,25,25
25,5.41825E+18,25,25,25,25,25
25,5.41826E+18,25,25,25,25,25
25,5.41829E+18,25,25,25,25,25
25,5.41829E+18,25,25,25,25,25
25,5.4183E+18,25,25,25,25,25
25,5.41831E+18,25,25,25,25,25
25,5.41831E+18,25,25,25,25,25
25,5.41834E+18,25,25,25,25,25
25,5.41836E+18,25,25,25,25,25
25,5.41836E+18,25,25,25,25,25
25,5.41836E+18,25,25,25,25,25
25,5.41838E+18,25,25,25,25,25
25,5.41846E+18,25,25,25,25,25
25,5.41846E+18,25,25,25,25,25
25,5.41847E+18,25,25,25,25,25
25,5.41848E+18,25,25,25,25,25
25,5.41852E+18,25,25,25,25,25
25,5.41853E+18,25,25,25,25,25
25,5.41858E+18,25,25,25,25,25
25,5.41862E+18,25,25,25,25,25
25,5.4187E+18,25,25,25,25,25
25,5.41871E+18,25,25,25,25,25
25,5.41872E+18,25,25,25,25,25
25,5.41873E+18,25,25,25,25,25
25,5.41876E+18,25,25,25,25,25
25,5.41876E+18,25,25,25,25,25
25,5.41877E+18,25,25,25,25,25
25,5.41879E+18,25,25,25,25,25
25,5.41879E+18,25,25,25,25,25
25,5.41879E+18,25,25,25,25,25
25,5.4188E+18,25,25,25,25,25
25,5.41882E+18,25,25,25,25,25
25,5.41882E+18,25,25,25,25,25
25,5.41884E+18,25,25,25,25,25
25,5.41887E+18,25,25,25,25,25
25,5.41889E+18,25,25,25,25,25
25,5.41889E+18,25,25,25,25,25
25,5.41889E+18,25,25,25,25,25
25,5.4189E+18,25,25,25,25,25
25,5.41893E+18,25,25,25,25,25
25,5.41894E+18,25,25,25,25,25
25,5.41894E+18,25,25,25,25,25
25,5.41895E+18,25,25,25,25,25
25,5.41896E+18,25,25,25,25,25
25,5.41903E+18,25,25,25,25,25
25,5.41904E+18,25,25,25,25,25
25,5.41905E+18,25,25,25,25,25
25,5.4191E+18,25,25,25,25,25
25,5.4191E+18,25,25,25,25,25
25,5.4191E+18,25,25,25,25,25
25,5.41913E+18,25,25,25,25,25
25,5.41915E+18,25,25,25,25,25
25,5.41919E+18,25,25,25,25,25
25,5.41921E+18,25,25,25,25,25
25,5.41921E+18,25,25,25,25,25
25,5.41927E+18,25,25,25,25,25
25,5.41927E+18,25,25,25,25,25
25,5.41931E+18,25,25,25,25,25
25,5.4194E+18,25,25,25,25,25
25,5.41947E+18,25,25,25,25,25
25,5.4195E+18,25,25,25,25,25
25,5.41951E+18,25,25,25,25,25
25,5.41952E+18,25,25,25,25,25
25,5.41958E+18,25,25,25,25,25
25,5.41958E+18,25,25,25,25,25
25,5.4196E+18,25,25,25,25,25
25,5.4196E+18,25,25,25,25,25
25,5.41964E+18,25,25,25,25,25
25,5.41965E+18,25,25,25,25,25
25,5.41966E+18,25,25,25,25,25
25,5.41966E+18,25,25,25,25,25
25,5.41971E+18,25,25,25,25,25
25,5.41971E+18,25,25,25,25,25
25,5.41973E+18,25,25,25,25,25
25,5.41974E+18,25,25,25,25,25
25,5.41974E+18,25,25,25,25,25
25,5.41975E+18,25,25,25,25,25
25,5.41975E+18,25,25,25,25,25
25,5.41976E+18,25,25,25,25,25
25,5.41977E+18,25,25,25,25,25
25,5.41979E+18,25,25,25,25,25
25,5.41985E+18,25,25,25,25,25
25,5.41989E+18,25,25,25,25,25
25,5.41993E+18,25,25,25,25,25
25,5.41998E+18,25,25,25,25,25
25,5.41999E+18,25,25,25,25,25
25,5.42E+18,25,25,25,25,25
25,5.42005E+18,25,25,25,25,25
25,5.42006E+18,25,25,25,25,25
25,5.42009E+18,25,25,25,25,25
25,5.42009E+18,25,25,25,25,25
25,5.42009E+18,25,25,25,25,25
25,5.4201E+18,25,25,25,25,25
25,5.42011E+18,25,25,25,25,25
25,5.42013E+18,25,25,25,25,25
25,5.42014E+18,25,25,25,25,25
25,5.42014E+18,25,25,25,25,25
25,5.42027E+18,25,25,25,25,25
25,5.42028E+18,25,25,25,25,25
25,5.42034E+18,25,25,25,25,25
25,5.42041E+18,25,25,25,25,25
25,5.42043E+18,25,25,25,25,25
25,5.42044E+18,25,25,25,25,25
25,5.42045E+18,25,25,25,25,25
25,5.42047E+18,25,25,25,25,25
25,5.42053E+18,25,25,25,25,25
25,5.42053E+18,25,25,25,25,25
25,5.42055E+18,25,25,25,25,25
25,5.42056E+18,25,25,25,25,25
25,5.42058E+18,25,25,25,25,25
25,5.4206E+18,25,25,25,25,25
25,5.42063E+18,25,25,25,25,25
25,5.42065E+18,25,25,25,25,25
25,5.42065E+18,25,25,25,25,25
25,5.42066E+18,25,25,25,25,25
25,5.42066E+18,25,25,25,25,25
25,5.42067E+18,25,25,25,25,25
25,5.42068E+18,25,25,25,25,25
25,5.42069E+18,25,25,25,25,25
25,5.4207E+18,25,25,25,25,25
25,5.4207E+18,25,25,25,25,25
25,5.42071E+18,25,25,25,25,25
25,5.42072E+18,25,25,25,25,25
25,5.42074E+18,25,25,25,25,25
25,5.42074E+18,25,25,25,25,25
25,5.42075E+18,25,25,25,25,25
25,5.42077E+18,25,25,25,25,25
25,5.42077E+18,25,25,25,25,25
25,5.42079E+18,25,25,25,25,25
25,5.4208E+18,25,25,25,25,25
25,5.4208E+18,25,25,25,25,25
25,5.4208E+18,25,25,25,25,25
25,5.42081E+18,25,25,25,25,25
25,5.42083E+18,25,25,25,25,25
25,5.42084E+18,25,25,25,25,25
25,5.42085E+18,25,25,25,25,25
25,5.42087E+18,25,25,25,25,25
25,5.42087E+18,25,25,25,25,25
25,5.42087E+18,25,25,25,25,25
25,5.4209E+18,25,25,25,25,25
25,5.42091E+18,25,25,25,25,25
25,5.42094E+18,25,25,25,25,25
25,5.42098E+18,25,25,25,25,25
25,5.42109E+18,25,25,25,25,25
25,5.42111E+18,25,25,25,25,25
25,5.42112E+18,25,25,25,25,25
25,5.42114E+18,25,25,25,25,25
25,5.42121E+18,25,25,25,25,25
25,5.42122E+18,25,25,25,25,25
25,5.42123E+18,25,25,25,25,25
25,5.42123E+18,25,25,25,25,25
25,5.42124E+18,25,25,25,25,25
25,5.42126E+18,25,25,25,25,25
25,5.42126E+18,25,25,25,25,25
25,5.4213E+18,25,25,25,25,25
25,5.42132E+18,25,25,25,25,25
25,5.42135E+18,25,25,25,25,25
25,5.42135E+18,25,25,25,25,25
25,5.42137E+18,25,25,25,25,25
25,5.42138E+18,25,25,25,25,25
25,5.42139E+18,25,25,25,25,25
25,5.42139E+18,25,25,25,25,25
25,5.4214E+18,25,25,25,25,25
25,5.42143E+18,25,25,25,25,25
25,5.42143E+18,25,25,25,25,25
25,5.42144E+18,25,25,25,25,25
25,5.42147E+18,25,25,25,25,25
25,5.42148E+18,25,25,25,25,25
25,5.42148E+18,25,25,25,25,25
25,5.4215E+18,25,25,25,25,25
25,5.42151E+18,25,25,25,25,25
25,5.42154E+18,25,25,25,25,25
25,5.42155E+18,25,25,25,25,25
25,5.42156E+18,25,25,25,25,25
25,5.42159E+18,25,25,25,25,25
25,5.42159E+18,25,25,25,25,25
25,5.42161E+18,25,25,25,25,25
25,5.42163E+18,25,25,25,25,25
25,5.42165E+18,25,25,25,25,25
25,5.42166E+18,25,25,25,25,25
25,5.42167E+18,25,25,25,25,25
25,5.42169E+18,25,25,25,25,25
25,5.4217E+18,25,25,25,25,25
25,5.42171E+18,25,25,25,25,25
25,5.42172E+18,25,25,25,25,25
25,5.42172E+18,25,25,25,25,25
25,5.42176E+18,25,25,25,25,25
25,5.42188E+18,25,25,25,25,25
25,5.42189E+18,25,25,25,25,25
25,5.42191E+18,25,25,25,25,25
25,5.42191E+18,25,25,25,25,25
25,5.42194E+18,25,25,25,25,25
25,5.42195E+18,25,25,25,25,25
25,5.42195E+18,25,25,25,25,25
25,5.42196E+18,25,25,25,25,25
25,5.42198E+18,25,25,25,25,25
25,5.42201E+18,25,25,25,25,25
25,5.42201E+18,25,25,25,25,25
25,5.42202E+18,25,25,25,25,25
25,5.42205E+18,25,25,25,25,25
25,5.42208E+18,25,25,25,25,25
25,5.4221E+18,25,25,25,25,25
25,5.42218E+18,25,25,25,25,25
25,5.4222E+18,25,25,25,25,25
25,5.42224E+18,25,25,25,25,25
25,5.42225E+18,25,25,25,25,25
25,5.42227E+18,25,25,25,25,25
25,5.42231E+18,25,25,25,25,25
25,5.42231E+18,25,25,25,25,25
25,5.42231E+18,25,25,25,25,25
25,5.42233E+18,25,25,25,25,25
25,5.42234E+18,25,25,25,25,25
25,5.42238E+18,25,25,25,25,25
25,5.42239E+18,25,25,25,25,25
25,5.42241E+18,25,25,25,25,25
25,5.42241E+18,25,25,25,25,25
25,5.42243E+18,25,25,25,25,25
25,5.42243E+18,25,25,25,25,25
25,5.42244E+18,25,25,25,25,25
25,5.42247E+18,25,25,25,25,25
25,5.42249E+18,25,25,25,25,25
25,5.42252E+18,25,25,25,25,25
25,5.42254E+18,25,25,25,25,25
25,5.42255E+18,25,25,25,25,25
25,5.42256E+18,25,25,25,25,25
25,5.42259E+18,25,25,25,25,25
25,5.4227E+18,25,25,25,25,25
25,5.4227E+18,25,25,25,25,25
25,5.42273E+18,25,25,25,25,25
25,5.42273E+18,25,25,25,25,25
25,5.42277E+18,25,25,25,25,25
25,5.42283E+18,25,25,25,25,25
25,5.42285E+18,25,25,25,25,25
25,5.42286E+18,25,25,25,25,25
25,5.42288E+18,25,25,25,25,25
25,5.42293E+18,25,25,25,25,25
25,5.42293E+18,25,25,25,25,25
25,5.42293E+18,25,25,25,25,25
25,5.42294E+18,25,25,25,25,25
25,5.42294E+18,25,25,25,25,25
25,5.42296E+18,25,25,25,25,25
25,5.42296E+18,25,25,25,25,25
25,5.42297E+18,25,25,25,25,25
25,5.42302E+18,25,25,25,25,25
25,5.42302E+18,25,25,25,25,25
25,5.42304E+18,25,25,25,25,25
25,5.42309E+18,25,25,25,25,25
25,5.42311E+18,25,25,25,25,25
25,5.42311E+18,25,25,25,25,25
25,5.42319E+18,25,25,25,25,25
25,5.4232E+18,25,25,25,25,25
25,5.42321E+18,25,25,25,25,25
25,5.42322E+18,25,25,25,25,25
25,5.42325E+18,25,25,25,25,25
25,5.42326E+18,25,25,25,25,25
25,5.42326E+18,25,25,25,25,25
25,5.42326E+18,25,25,25,25,25
25,5.42328E+18,25,25,25,25,25
25,5.42331E+18,25,25,25,25,25
25,5.42332E+18,25,25,25,25,25
25,5.42333E+18,25,25,25,25,25
25,5.42336E+18,25,25,25,25,25
25,5.42337E+18,25,25,25,25,25
25,5.42338E+18,25,25,25,25,25
25,5.4234E+18,25,25,25,25,25
25,5.42351E+18,25,25,25,25,25
25,5.42357E+18,25,25,25,25,25
25,5.42359E+18,25,25,25,25,25
25,5.4236E+18,25,25,25,25,25
25,5.4236E+18,25,25,25,25,25
25,5.42363E+18,25,25,25,25,25
25,5.42364E+18,25,25,25,25,25
25,5.42364E+18,25,25,25,25,25
25,5.42364E+18,25,25,25,25,25
25,5.42368E+18,25,25,25,25,25
25,5.42368E+18,25,25,25,25,25
25,5.42389E+18,25,25,25,25,25
25,5.42389E+18,25,25,25,25,25
25,5.42391E+18,25,25,25,25,25
25,5.42392E+18,25,25,25,25,25
25,5.42397E+18,25,25,25,25,25
25,5.424E+18,25,25,25,25,25
25,5.42404E+18,25,25,25,25,25
25,5.42407E+18,25,25,25,25,25
25,5.42409E+18,25,25,25,25,25
25,5.4242E+18,25,25,25,25,25
25,5.42881E+18,25,25,25,25,25
25,5.42888E+18,25,25,25,25,25
25,5.42893E+18,25,25,25,25,25
25,5.42895E+18,25,25,25,25,25
25,5.429E+18,25,25,25,25,25
25,5.42902E+18,25,25,25,25,25
25,5.42904E+18,25,25,25,25,25
25,5.42934E+18,25,25,25,25,25
25,5.42938E+18,25,25,25,25,25
25,5.42945E+18,25,25,25,25,25
25,5.42946E+18,25,25,25,25,25
25,5.42948E+18,25,25,25,25,25
25,5.42953E+18,25,25,25,25,25
25,5.42956E+18,25,25,25,25,25
25,5.42957E+18,25,25,25,25,25
25,5.4296E+18,25,25,25,25,25
25,5.42962E+18,25,25,25,25,25
25,5.42966E+18,25,25,25,25,25
25,5.42968E+18,25,25,25,25,25
25,5.42974E+18,25,25,25,25,25
25,5.42975E+18,25,25,25,25,25
25,5.42978E+18,25,25,25,25,25
25,5.42981E+18,25,25,25,25,25
25,5.42983E+18,25,25,25,25,25
25,5.42985E+18,25,25,25,25,25
25,5.42991E+18,25,25,25,25,25
25,5.42994E+18,25,25,25,25,25
25,5.42997E+18,25,25,25,25,25
25,5.43013E+18,25,25,25,25,25
25,5.43015E+18,25,25,25,25,25
25,5.43023E+18,25,25,25,25,25
25,5.43029E+18,25,25,25,25,25
25,5.43029E+18,25,25,25,25,25
25,5.43029E+18,25,25,25,25,25
25,5.4303E+18,25,25,25,25,25
25,5.43031E+18,25,25,25,25,25
25,5.43032E+18,25,25,25,25,25
25,5.43036E+18,25,25,25,25,25
25,5.43037E+18,25,25,25,25,25
25,5.4304E+18,25,25,25,25,25
25,5.43041E+18,25,25,25,25,25
25,5.43046E+18,25,25,25,25,25
25,5.43046E+18,25,25,25,25,25
25,5.43047E+18,25,25,25,25,25
25,5.43049E+18,25,25,25,25,25
25,5.43053E+18,25,25,25,25,25
25,5.43054E+18,25,25,25,25,25
25,5.43054E+18,25,25,25,25,25
25,5.43055E+18,25,25,25,25,25
25,5.43061E+18,25,25,25,25,25
25,5.43063E+18,25,25,25,25,25
25,5.43065E+18,25,25,25,25,25
25,5.43068E+18,25,25,25,25,25
25,5.43069E+18,25,25,25,25,25
25,5.43069E+18,25,25,25,25,25
25,5.43073E+18,25,25,25,25,25
25,5.43073E+18,25,25,25,25,25
25,5.43073E+18,25,25,25,25,25
25,5.43074E+18,25,25,25,25,25
25,5.43098E+18,25,25,25,25,25
25,5.43098E+18,25,25,25,25,25
25,5.43102E+18,25,25,25,25,25
25,5.43103E+18,25,25,25,25,25
25,5.43104E+18,25,25,25,25,25
25,5.4311E+18,25,25,25,25,25
25,5.4311E+18,25,25,25,25,25
25,5.43111E+18,25,25,25,25,25
25,5.43115E+18,25,25,25,25,25
25,5.43116E+18,25,25,25,25,25
25,5.43118E+18,25,25,25,25,25
25,5.43119E+18,25,25,25,25,25
25,5.43123E+18,25,25,25,25,25
25,5.43124E+18,25,25,25,25,25
25,5.43124E+18,25,25,25,25,25
25,5.43127E+18,25,25,25,25,25
25,5.43127E+18,25,25,25,25,25
25,5.4313E+18,25,25,25,25,25
25,5.43131E+18,25,25,25,25,25
25,5.43133E+18,25,25,25,25,25
25,5.43134E+18,25,25,25,25,25
25,5.43134E+18,25,25,25,25,25
25,5.43136E+18,25,25,25,25,25
25,5.43136E+18,25,25,25,25,25
25,5.43136E+18,25,25,25,25,25
25,5.43137E+18,25,25,25,25,25
25,5.4314E+18,25,25,25,25,25
25,5.43143E+18,25,25,25,25,25
25,5.43146E+18,25,25,25,25,25
25,5.43148E+18,25,25,25,25,25
25,5.43148E+18,25,25,25,25,25
25,5.43148E+18,25,25,25,25,25
25,5.43149E+18,25,25,25,25,25
25,5.43151E+18,25,25,25,25,25
25,5.43152E+18,25,25,25,25,25
25,5.43153E+18,25,25,25,25,25
25,5.43155E+18,25,25,25,25,25
25,5.43163E+18,25,25,25,25,25
25,5.43175E+18,25,25,25,25,25
25,5.43175E+18,25,25,25,25,25
25,5.43177E+18,25,25,25,25,25
25,5.43179E+18,25,25,25,25,25
25,5.4318E+18,25,25,25,25,25
25,5.4318E+18,25,25,25,25,25
25,5.43182E+18,25,25,25,25,25
25,5.43185E+18,25,25,25,25,25
25,5.43185E+18,25,25,25,25,25
25,5.43185E+18,25,25,25,25,25
25,5.43186E+18,25,25,25,25,25
25,5.43188E+18,25,25,25,25,25
25,5.43192E+18,25,25,25,25,25
25,5.43198E+18,25,25,25,25,25
25,5.43198E+18,25,25,25,25,25
25,5.432E+18,25,25,25,25,25
25,5.43201E+18,25,25,25,25,25
25,5.43206E+18,25,25,25,25,25
25,5.43207E+18,25,25,25,25,25
25,5.43211E+18,25,25,25,25,25
25,5.43211E+18,25,25,25,25,25
25,5.43212E+18,25,25,25,25,25
25,5.43213E+18,25,25,25,25,25
25,5.43216E+18,25,25,25,25,25
25,5.43218E+18,25,25,25,25,25
25,5.43219E+18,25,25,25,25,25
25,5.43219E+18,25,25,25,25,25
25,5.43222E+18,25,25,25,25,25
25,5.43224E+18,25,25,25,25,25
25,5.43225E+18,25,25,25,25,25
25,5.43225E+18,25,25,25,25,25
25,5.43226E+18,25,25,25,25,25
25,5.43228E+18,25,25,25,25,25
25,5.43229E+18,25,25,25,25,25
25,5.43233E+18,25,25,25,25,25
25,5.43234E+18,25,25,25,25,25
25,5.43237E+18,25,25,25,25,25
25,5.43237E+18,25,25,25,25,25
25,5.4324E+18,25,25,25,25,25
25,5.43244E+18,25,25,25,25,25
25,5.43259E+18,25,25,25,25,25
25,5.4326E+18,25,25,25,25,25
25,5.43262E+18,25,25,25,25,25
25,5.43262E+18,25,25,25,25,25
25,5.43267E+18,25,25,25,25,25
25,5.43267E+18,25,25,25,25,25
25,5.43267E+18,25,25,25,25,25
25,5.43269E+18,25,25,25,25,25
25,5.43274E+18,25,25,25,25,25
25,5.43276E+18,25,25,25,25,25
25,5.4328E+18,25,25,25,25,25
25,5.43285E+18,25,25,25,25,25
25,5.43285E+18,25,25,25,25,25
25,5.43288E+18,25,25,25,25,25
25,5.43291E+18,25,25,25,25,25
25,5.43293E+18,25,25,25,25,25
25,5.43295E+18,25,25,25,25,25
25,5.43296E+18,25,25,25,25,25
25,5.43299E+18,25,25,25,25,25
25,5.43299E+18,25,25,25,25,25
25,5.43299E+18,25,25,25,25,25
25,5.433E+18,25,25,25,25,25
25,5.433E+18,25,25,25,25,25
25,5.43302E+18,25,25,25,25,25
25,5.43305E+18,25,25,25,25,25
25,5.43309E+18,25,25,25,25,25
25,5.43311E+18,25,25,25,25,25
25,5.43312E+18,25,25,25,25,25
25,5.43312E+18,25,25,25,25,25
25,5.43313E+18,25,25,25,25,25
25,5.43314E+18,25,25,25,25,25
25,5.43316E+18,25,25,25,25,25
25,5.43318E+18,25,25,25,25,25
25,5.43319E+18,25,25,25,25,25
25,5.43325E+18,25,25,25,25,25
25,5.43326E+18,25,25,25,25,25
25,5.43336E+18,25,25,25,25,25
25,5.43337E+18,25,25,25,25,25
25,5.43341E+18,25,25,25,25,25
25,5.43349E+18,25,25,25,25,25
25,5.43352E+18,25,25,25,25,25
25,5.43354E+18,25,25,25,25,25
25,5.43354E+18,25,25,25,25,25
25,5.43354E+18,25,25,25,25,25
25,5.43357E+18,25,25,25,25,25
25,5.43359E+18,25,25,25,25,25
25,5.43361E+18,25,25,25,25,25
25,5.43361E+18,25,25,25,25,25
25,5.43362E+18,25,25,25,25,25
25,5.43364E+18,25,25,25,25,25
25,5.43365E+18,25,25,25,25,25
25,5.43368E+18,25,25,25,25,25
25,5.43369E+18,25,25,25,25,25
25,5.43375E+18,25,25,25,25,25
25,5.43375E+18,25,25,25,25,25
25,5.43376E+18,25,25,25,25,25
25,5.43377E+18,25,25,25,25,25
25,5.43377E+18,25,25,25,25,25
25,5.43378E+18,25,25,25,25,25
25,5.43378E+18,25,25,25,25,25
25,5.43382E+18,25,25,25,25,25
25,5.43383E+18,25,25,25,25,25
25,5.43383E+18,25,25,25,25,25
25,5.43384E+18,25,25,25,25,25
25,5.43388E+18,25,25,25,25,25
25,5.43388E+18,25,25,25,25,25
25,5.43389E+18,25,25,25,25,25
25,5.43391E+18,25,25,25,25,25
25,5.43393E+18,25,25,25,25,25
25,5.43395E+18,25,25,25,25,25
25,5.43396E+18,25,25,25,25,25
25,5.43398E+18,25,25,25,25,25
25,5.43406E+18,25,25,25,25,25
25,5.43423E+18,25,25,25,25,25
25,5.43428E+18,25,25,25,25,25
25,5.43428E+18,25,25,25,25,25
25,5.43431E+18,25,25,25,25,25
25,5.43431E+18,25,25,25,25,25
25,5.43433E+18,25,25,25,25,25
25,5.43434E+18,25,25,25,25,25
25,5.43435E+18,25,25,25,25,25
25,5.43438E+18,25,25,25,25,25
25,5.43444E+18,25,25,25,25,25
25,5.43452E+18,25,25,25,25,25
25,5.43454E+18,25,25,25,25,25
25,5.43455E+18,25,25,25,25,25
25,5.43456E+18,25,25,25,25,25
25,5.4346E+18,25,25,25,25,25
25,5.43467E+18,25,25,25,25,25
25,5.43468E+18,25,25,25,25,25
25,5.4347E+18,25,25,25,25,25
25,5.4347E+18,25,25,25,25,25
25,5.43471E+18,25,25,25,25,25
25,5.43471E+18,25,25,25,25,25
25,5.43476E+18,25,25,25,25,25
25,5.43476E+18,25,25,25,25,25
25,5.43478E+18,25,25,25,25,25
25,5.4348E+18,25,25,25,25,25
25,5.43486E+18,25,25,25,25,25
25,5.43488E+18,25,25,25,25,25
25,5.43489E+18,25,25,25,25,25
25,5.43498E+18,25,25,25,25,25
25,5.43507E+18,25,25,25,25,25
25,5.43513E+18,25,25,25,25,25
25,5.43519E+18,25,25,25,25,25
25,5.43521E+18,25,25,25,25,25
25,5.43523E+18,25,25,25,25,25
25,5.43523E+18,25,25,25,25,25
25,5.43525E+18,25,25,25,25,25
25,5.43527E+18,25,25,25,25,25
25,5.43528E+18,25,25,25,25,25
25,5.43528E+18,25,25,25,25,25
25,5.43529E+18,25,25,25,25,25
25,5.4353E+18,25,25,25,25,25
25,5.43531E+18,25,25,25,25,25
25,5.43534E+18,25,25,25,25,25
25,5.43535E+18,25,25,25,25,25
25,5.43537E+18,25,25,25,25,25
25,5.43537E+18,25,25,25,25,25
25,5.43537E+18,25,25,25,25,25
25,5.43539E+18,25,25,25,25,25
25,5.43542E+18,25,25,25,25,25
25,5.43544E+18,25,25,25,25,25
25,5.43544E+18,25,25,25,25,25
25,5.43544E+18,25,25,25,25,25
25,5.43545E+18,25,25,25,25,25
25,5.43547E+18,25,25,25,25,25
25,5.43548E+18,25,25,25,25,25
25,5.43552E+18,25,25,25,25,25
25,5.43553E+18,25,25,25,25,25
25,5.43554E+18,25,25,25,25,25
25,5.43557E+18,25,25,25,25,25
25,5.43557E+18,25,25,25,25,25
25,5.43559E+18,25,25,25,25,25
25,5.4356E+18,25,25,25,25,25
25,5.43563E+18,25,25,25,25,25
25,5.43567E+18,25,25,25,25,25
25,5.43582E+18,25,25,25,25,25
25,5.43589E+18,25,25,25,25,25
25,5.43589E+18,25,25,25,25,25
25,5.43593E+18,25,25,25,25,25
25,5.43595E+18,25,25,25,25,25
25,5.43596E+18,25,25,25,25,25
25,5.43597E+18,25,25,25,25,25
25,5.43597E+18,25,25,25,25,25
25,5.43604E+18,25,25,25,25,25
25,5.43607E+18,25,25,25,25,25
25,5.4361E+18,25,25,25,25,25
25,5.4361E+18,25,25,25,25,25
25,5.43614E+18,25,25,25,25,25
25,5.43618E+18,25,25,25,25,25
25,5.43621E+18,25,25,25,25,25
25,5.43621E+18,25,25,25,25,25
25,5.43631E+18,25,25,25,25,25
25,5.43633E+18,25,25,25,25,25
25,5.43636E+18,25,25,25,25,25
25,5.43637E+18,25,25,25,25,25
25,5.43641E+18,25,25,25,25,25
25,5.43641E+18,25,25,25,25,25
25,5.43644E+18,25,25,25,25,25
25,5.43647E+18,25,25,25,25,25
25,5.43647E+18,25,25,25,25,25
25,5.4365E+18,25,25,25,25,25
25,5.4365E+18,25,25,25,25,25
25,5.43652E+18,25,25,25,25,25
25,5.43669E+18,25,25,25,25,25
25,5.43669E+18,25,25,25,25,25
25,5.43671E+18,25,25,25,25,25
25,5.43671E+18,25,25,25,25,25
25,5.43671E+18,25,25,25,25,25
25,5.43674E+18,25,25,25,25,25
25,5.43675E+18,25,25,25,25,25
25,5.43677E+18,25,25,25,25,25
25,5.43679E+18,25,25,25,25,25
25,5.43681E+18,25,25,25,25,25
25,5.43683E+18,25,25,25,25,25
25,5.43684E+18,25,25,25,25,25
25,5.43685E+18,25,25,25,25,25
25,5.43685E+18,25,25,25,25,25
25,5.43686E+18,25,25,25,25,25
25,5.43687E+18,25,25,25,25,25
25,5.43687E+18,25,25,25,25,25
25,5.43692E+18,25,25,25,25,25
25,5.43695E+18,25,25,25,25,25
25,5.43696E+18,25,25,25,25,25
25,5.43697E+18,25,25,25,25,25
25,5.43697E+18,25,25,25,25,25
25,5.43698E+18,25,25,25,25,25
25,5.43698E+18,25,25,25,25,25
25,5.437E+18,25,25,25,25,25
25,5.437E+18,25,25,25,25,25
25,5.43701E+18,25,25,25,25,25
25,5.43702E+18,25,25,25,25,25
25,5.43702E+18,25,25,25,25,25
25,5.43703E+18,25,25,25,25,25
25,5.43703E+18,25,25,25,25,25
25,5.43704E+18,25,25,25,25,25
25,5.43708E+18,25,25,25,25,25
25,5.43708E+18,25,25,25,25,25
25,5.43708E+18,25,25,25,25,25
25,5.4371E+18,25,25,25,25,25
25,5.43716E+18,25,25,25,25,25
25,5.43716E+18,25,25,25,25,25
25,5.43716E+18,25,25,25,25,25
25,5.4372E+18,25,25,25,25,25
25,5.43721E+18,25,25,25,25,25
25,5.43724E+18,25,25,25,25,25
25,5.43724E+18,25,25,25,25,25
25,5.43751E+18,25,25,25,25,25
25,5.43752E+18,25,25,25,25,25
25,5.43755E+18,25,25,25,25,25
25,5.43756E+18,25,25,25,25,25
25,5.43756E+18,25,25,25,25,25
25,5.43757E+18,25,25,25,25,25
25,5.43757E+18,25,25,25,25,25
25,5.43758E+18,25,25,25,25,25
25,5.43759E+18,25,25,25,25,25
25,5.43759E+18,25,25,25,25,25
25,5.43759E+18,25,25,25,25,25
25,5.43762E+18,25,25,25,25,25
25,5.43762E+18,25,25,25,25,25
25,5.43763E+18,25,25,25,25,25
25,5.43765E+18,25,25,25,25,25
25,5.43766E+18,25,25,25,25,25
25,5.43777E+18,25,25,25,25,25
25,5.43778E+18,25,25,25,25,25
25,5.43783E+18,25,25,25,25,25
25,5.43785E+18,25,25,25,25,25
25,5.4379E+18,25,25,25,25,25
25,5.4379E+18,25,25,25,25,25
25,5.43792E+18,25,25,25,25,25
25,5.43793E+18,25,25,25,25,25
25,5.43793E+18,25,25,25,25,25
25,5.43793E+18,25,25,25,25,25
25,5.43793E+18,25,25,25,25,25
25,5.43793E+18,25,25,25,25,25
25,5.43794E+18,25,25,25,25,25
25,5.43794E+18,25,25,25,25,25
25,5.43796E+18,25,25,25,25,25
25,5.43798E+18,25,25,25,25,25
25,5.438E+18,25,25,25,25,25
25,5.43804E+18,25,25,25,25,25
25,5.43806E+18,25,25,25,25,25
25,5.43806E+18,25,25,25,25,25
25,5.43807E+18,25,25,25,25,25
25,5.43809E+18,25,25,25,25,25
25,5.43809E+18,25,25,25,25,25
25,5.43812E+18,25,25,25,25,25
25,5.43812E+18,25,25,25,25,25
25,5.43814E+18,25,25,25,25,25
25,5.43817E+18,25,25,25,25,25
25,5.43831E+18,25,25,25,25,25
25,5.43832E+18,25,25,25,25,25
25,5.43843E+18,25,25,25,25,25
25,5.43846E+18,25,25,25,25,25
25,5.43848E+18,25,25,25,25,25
25,5.4385E+18,25,25,25,25,25
25,5.43854E+18,25,25,25,25,25
25,5.43857E+18,25,25,25,25,25
25,5.43861E+18,25,25,25,25,25
25,5.43861E+18,25,25,25,25,25
25,5.43863E+18,25,25,25,25,25
25,5.43864E+18,25,25,25,25,25
25,5.43868E+18,25,25,25,25,25
25,5.43869E+18,25,25,25,25,25
25,5.4387E+18,25,25,25,25,25
25,5.4387E+18,25,25,25,25,25
25,5.43871E+18,25,25,25,25,25
25,5.43871E+18,25,25,25,25,25
25,5.43871E+18,25,25,25,25,25
25,5.43874E+18,25,25,25,25,25
25,5.43876E+18,25,25,25,25,25
25,5.43877E+18,25,25,25,25,25
25,5.43879E+18,25,25,25,25,25
25,5.4388E+18,25,25,25,25,25
25,5.43882E+18,25,25,25,25,25
25,5.43882E+18,25,25,25,25,25
25,5.43883E+18,25,25,25,25,25
25,5.43885E+18,25,25,25,25,25
25,5.43885E+18,25,25,25,25,25
25,5.43889E+18,25,25,25,25,25
25,5.4389E+18,25,25,25,25,25
25,5.4389E+18,25,25,25,25,25
25,5.43891E+18,25,25,25,25,25
25,5.43892E+18,25,25,25,25,25
25,5.43896E+18,25,25,25,25,25
25,5.43908E+18,25,25,25,25,25
25,5.43911E+18,25,25,25,25,25
25,5.43919E+18,25,25,25,25,25
25,5.4393E+18,25,25,25,25,25
25,5.4393E+18,25,25,25,25,25
25,5.4393E+18,25,25,25,25,25
25,5.43935E+18,25,25,25,25,25
25,5.4394E+18,25,25,25,25,25
25,5.43941E+18,25,25,25,25,25
25,5.43941E+18,25,25,25,25,25
25,5.43944E+18,25,25,25,25,25
25,5.43944E+18,25,25,25,25,25
25,5.43946E+18,25,25,25,25,25
25,5.43948E+18,25,25,25,25,25
25,5.43951E+18,25,25,25,25,25
25,5.43951E+18,25,25,25,25,25
25,5.43952E+18,25,25,25,25,25
25,5.43952E+18,25,25,25,25,25
25,5.43953E+18,25,25,25,25,25
25,5.43957E+18,25,25,25,25,25
25,5.43959E+18,25,25,25,25,25
25,5.43961E+18,25,25,25,25,25
25,5.43965E+18,25,25,25,25,25
25,5.43972E+18,25,25,25,25,25
25,5.43972E+18,25,25,25,25,25
25,5.43975E+18,25,25,25,25,25
25,5.43981E+18,25,25,25,25,25
25,5.43981E+18,25,25,25,25,25
25,5.43988E+18,25,25,25,25,25
25,5.43989E+18,25,25,25,25,25
25,5.43997E+18,25,25,25,25,25
25,5.43998E+18,25,25,25,25,25
25,5.44E+18,25,25,25,25,25
25,5.44002E+18,25,25,25,25,25
25,5.44007E+18,25,25,25,25,25
25,5.44007E+18,25,25,25,25,25
25,5.44015E+18,25,25,25,25,25
25,5.44016E+18,25,25,25,25,25
25,5.44017E+18,25,25,25,25,25
25,5.44024E+18,25,25,25,25,25
25,5.44026E+18,25,25,25,25,25
25,5.44029E+18,25,25,25,25,25
25,5.44032E+18,25,25,25,25,25
25,5.44032E+18,25,25,25,25,25
25,5.44034E+18,25,25,25,25,25
25,5.44034E+18,25,25,25,25,25
25,5.44036E+18,25,25,25,25,25
25,5.44036E+18,25,25,25,25,25
25,5.44039E+18,25,25,25,25,25
25,5.44041E+18,25,25,25,25,25
25,5.44041E+18,25,25,25,25,25
25,5.44045E+18,25,25,25,25,25
25,5.44046E+18,25,25,25,25,25
25,5.44046E+18,25,25,25,25,25
25,5.44047E+18,25,25,25,25,25
25,5.44047E+18,25,25,25,25,25
25,5.44048E+18,25,25,25,25,25
25,5.44048E+18,25,25,25,25,25
25,5.44051E+18,25,25,25,25,25
25,5.44052E+18,25,25,25,25,25
25,5.44055E+18,25,25,25,25,25
25,5.44055E+18,25,25,25,25,25
25,5.44056E+18,25,25,25,25,25
25,5.44078E+18,25,25,25,25,25
25,5.44078E+18,25,25,25,25,25
25,5.44079E+18,25,25,25,25,25
25,5.44081E+18,25,25,25,25,25
25,5.44082E+18,25,25,25,25,25
25,5.44083E+18,25,25,25,25,25
25,5.44085E+18,25,25,25,25,25
25,5.44089E+18,25,25,25,25,25
25,5.44089E+18,25,25,25,25,25
25,5.44089E+18,25,25,25,25,25
25,5.4409E+18,25,25,25,25,25
25,5.44091E+18,25,25,25,25,25
25,5.44091E+18,25,25,25,25,25
25,5.44098E+18,25,25,25,25,25
25,5.44099E+18,25,25,25,25,25
25,5.441E+18,25,25,25,25,25
25,5.44102E+18,25,25,25,25,25
25,5.44102E+18,25,25,25,25,25
25,5.44108E+18,25,25,25,25,25
25,5.44113E+18,25,25,25,25,25
25,5.44114E+18,25,25,25,25,25
25,5.44115E+18,25,25,25,25,25
25,5.44115E+18,25,25,25,25,25
25,5.44118E+18,25,25,25,25,25
25,5.44118E+18,25,25,25,25,25
25,5.44121E+18,25,25,25,25,25
25,5.44121E+18,25,25,25,25,25
25,5.44121E+18,25,25,25,25,25
25,5.44124E+18,25,25,25,25,25
25,5.44124E+18,25,25,25,25,25
25,5.44126E+18,25,25,25,25,25
25,5.44126E+18,25,25,25,25,25
25,5.44126E+18,25,25,25,25,25
25,5.44129E+18,25,25,25,25,25
25,5.44132E+18,25,25,25,25,25
25,5.44133E+18,25,25,25,25,25
25,5.44134E+18,25,25,25,25,25
25,5.44136E+18,25,25,25,25,25
25,5.4414E+18,25,25,25,25,25
25,5.44143E+18,25,25,25,25,25
25,5.44154E+18,25,25,25,25,25
25,5.44155E+18,25,25,25,25,25
25,5.44155E+18,25,25,25,25,25
25,5.44155E+18,25,25,25,25,25
25,5.44157E+18,25,25,25,25,25
25,5.44158E+18,25,25,25,25,25
25,5.4416E+18,25,25,25,25,25
25,5.4416E+18,25,25,25,25,25
25,5.4416E+18,25,25,25,25,25
25,5.44162E+18,25,25,25,25,25
25,5.44163E+18,25,25,25,25,25
25,5.44163E+18,25,25,25,25,25
25,5.44163E+18,25,25,25,25,25
25,5.44169E+18,25,25,25,25,25
25,5.44169E+18,25,25,25,25,25
25,5.44171E+18,25,25,25,25,25
25,5.44173E+18,25,25,25,25,25
25,5.44174E+18,25,25,25,25,25
25,5.44176E+18,25,25,25,25,25
25,5.44177E+18,25,25,25,25,25
25,5.44179E+18,25,25,25,25,25
25,5.44179E+18,25,25,25,25,25
25,5.4418E+18,25,25,25,25,25
25,5.4418E+18,25,25,25,25,25
25,5.4418E+18,25,25,25,25,25
25,5.44182E+18,25,25,25,25,25
25,5.44182E+18,25,25,25,25,25
25,5.44191E+18,25,25,25,25,25
25,5.44197E+18,25,25,25,25,25
25,5.44201E+18,25,25,25,25,25
25,5.44201E+18,25,25,25,25,25
25,5.44202E+18,25,25,25,25,25
25,5.44203E+18,25,25,25,25,25
25,5.44203E+18,25,25,25,25,25
25,5.44205E+18,25,25,25,25,25
25,5.44205E+18,25,25,25,25,25
25,5.44207E+18,25,25,25,25,25
25,5.44208E+18,25,25,25,25,25
25,5.44208E+18,25,25,25,25,25
25,5.44209E+18,25,25,25,25,25
25,5.44212E+18,25,25,25,25,25
25,5.44217E+18,25,25,25,25,25
25,5.44219E+18,25,25,25,25,25
25,5.44219E+18,25,25,25,25,25
25,5.44219E+18,25,25,25,25,25
25,5.44219E+18,25,25,25,25,25
25,5.4422E+18,25,25,25,25,25
25,5.4422E+18,25,25,25,25,25
25,5.44223E+18,25,25,25,25,25
25,5.44224E+18,25,25,25,25,25
25,5.44226E+18,25,25,25,25,25
25,5.44237E+18,25,25,25,25,25
25,5.44237E+18,25,25,25,25,25
25,5.44239E+18,25,25,25,25,25
25,5.44242E+18,25,25,25,25,25
25,5.44245E+18,25,25,25,25,25
25,5.44246E+18,25,25,25,25,25
25,5.44248E+18,25,25,25,25,25
25,5.44248E+18,25,25,25,25,25
25,5.44253E+18,25,25,25,25,25
25,5.44256E+18,25,25,25,25,25
25,5.44262E+18,25,25,25,25,25
25,5.44264E+18,25,25,25,25,25
25,5.44265E+18,25,25,25,25,25
25,5.44266E+18,25,25,25,25,25
25,5.44269E+18,25,25,25,25,25
25,5.44272E+18,25,25,25,25,25
25,5.44273E+18,25,25,25,25,25
25,5.44274E+18,25,25,25,25,25
25,5.44274E+18,25,25,25,25,25
25,5.44274E+18,25,25,25,25,25
25,5.44275E+18,25,25,25,25,25
25,5.44277E+18,25,25,25,25,25
25,5.44278E+18,25,25,25,25,25
25,5.44279E+18,25,25,25,25,25
25,5.44279E+18,25,25,25,25,25
25,5.4428E+18,25,25,25,25,25
25,5.44283E+18,25,25,25,25,25
25,5.44284E+18,25,25,25,25,25
25,5.44287E+18,25,25,25,25,25
25,5.44288E+18,25,25,25,25,25
25,5.44288E+18,25,25,25,25,25
25,5.44289E+18,25,25,25,25,25
25,5.44297E+18,25,25,25,25,25
25,5.44298E+18,25,25,25,25,25
25,5.44298E+18,25,25,25,25,25
25,5.44299E+18,25,25,25,25,25
25,5.44301E+18,25,25,25,25,25
25,5.44301E+18,25,25,25,25,25
25,5.44302E+18,25,25,25,25,25
25,5.44303E+18,25,25,25,25,25
25,5.44322E+18,25,25,25,25,25
25,5.44323E+18,25,25,25,25,25
25,5.44324E+18,25,25,25,25,25
25,5.44325E+18,25,25,25,25,25
25,5.44329E+18,25,25,25,25,25
25,5.44329E+18,25,25,25,25,25
25,5.44329E+18,25,25,25,25,25
25,5.4433E+18,25,25,25,25,25
25,5.44331E+18,25,25,25,25,25
25,5.44333E+18,25,25,25,25,25
25,5.44334E+18,25,25,25,25,25
25,5.44335E+18,25,25,25,25,25
25,5.44335E+18,25,25,25,25,25
25,5.44337E+18,25,25,25,25,25
25,5.44338E+18,25,25,25,25,25
25,5.44338E+18,25,25,25,25,25
25,5.4434E+18,25,25,25,25,25
25,5.44343E+18,25,25,25,25,25
25,5.44351E+18,25,25,25,25,25
25,5.44352E+18,25,25,25,25,25
25,5.44356E+18,25,25,25,25,25
25,5.4436E+18,25,25,25,25,25
25,5.44363E+18,25,25,25,25,25
25,5.44363E+18,25,25,25,25,25
25,5.44364E+18,25,25,25,25,25
25,5.44367E+18,25,25,25,25,25
25,5.44368E+18,25,25,25,25,25
25,5.44368E+18,25,25,25,25,25
25,5.4437E+18,25,25,25,25,25
25,5.44372E+18,25,25,25,25,25
25,5.44372E+18,25,25,25,25,25
25,5.44374E+18,25,25,25,25,25
25,5.44377E+18,25,25,25,25,25
25,5.44378E+18,25,25,25,25,25
25,5.4438E+18,25,25,25,25,25
25,5.44381E+18,25,25,25,25,25
25,5.44382E+18,25,25,25,25,25
25,5.44387E+18,25,25,25,25,25
25,5.4439E+18,25,25,25,25,25
25,5.4441E+18,25,25,25,25,25
25,5.44411E+18,25,25,25,25,25
25,5.44413E+18,25,25,25,25,25
25,5.44416E+18,25,25,25,25,25
25,5.44417E+18,25,25,25,25,25
25,5.4442E+18,25,25,25,25,25
25,5.44421E+18,25,25,25,25,25
25,5.44422E+18,25,25,25,25,25
25,5.44424E+18,25,25,25,25,25
25,5.44425E+18,25,25,25,25,25
25,5.44427E+18,25,25,25,25,25
25,5.44433E+18,25,25,25,25,25
25,5.44434E+18,25,25,25,25,25
25,5.44434E+18,25,25,25,25,25
25,5.44437E+18,25,25,25,25,25
25,5.44438E+18,25,25,25,25,25
25,5.44439E+18,25,25,25,25,25
25,5.4444E+18,25,25,25,25,25
25,5.4444E+18,25,25,25,25,25
25,5.44441E+18,25,25,25,25,25
25,5.44443E+18,25,25,25,25,25
25,5.44443E+18,25,25,25,25,25
25,5.44448E+18,25,25,25,25,25
25,5.44449E+18,25,25,25,25,25
25,5.44449E+18,25,25,25,25,25
25,5.4445E+18,25,25,25,25,25
25,5.44453E+18,25,25,25,25,25
25,5.44453E+18,25,25,25,25,25
25,5.44454E+18,25,25,25,25,25
25,5.44454E+18,25,25,25,25,25
25,5.44454E+18,25,25,25,25,25
25,5.44456E+18,25,25,25,25,25
25,5.44457E+18,25,25,25,25,25
25,5.44459E+18,25,25,25,25,25
25,5.44459E+18,25,25,25,25,25
25,5.44461E+18,25,25,25,25,25
25,5.44462E+18,25,25,25,25,25
25,5.44464E+18,25,25,25,25,25
25,5.44466E+18,25,25,25,25,25
25,5.44467E+18,25,25,25,25,25
25,5.44469E+18,25,25,25,25,25
25,5.44471E+18,25,25,25,25,25
25,5.44486E+18,25,25,25,25,25
25,5.44491E+18,25,25,25,25,25
25,5.44491E+18,25,25,25,25,25
25,5.44491E+18,25,25,25,25,25
25,5.44492E+18,25,25,25,25,25
25,5.44495E+18,25,25,25,25,25
25,5.44498E+18,25,25,25,25,25
25,5.44501E+18,25,25,25,25,25
25,5.44502E+18,25,25,25,25,25
25,5.44502E+18,25,25,25,25,25
25,5.44504E+18,25,25,25,25,25
25,5.44504E+18,25,25,25,25,25
25,5.44507E+18,25,25,25,25,25
25,5.44508E+18,25,25,25,25,25
25,5.44513E+18,25,25,25,25,25
25,5.44518E+18,25,25,25,25,25
25,5.4452E+18,25,25,25,25,25
25,5.4452E+18,25,25,25,25,25
25,5.44523E+18,25,25,25,25,25
25,5.44525E+18,25,25,25,25,25
25,5.44526E+18,25,25,25,25,25
25,5.44526E+18,25,25,25,25,25
25,5.44526E+18,25,25,25,25,25
25,5.44527E+18,25,25,25,25,25
25,5.44529E+18,25,25,25,25,25
25,5.4453E+18,25,25,25,25,25
25,5.4453E+18,25,25,25,25,25
25,5.44531E+18,25,25,25,25,25
25,5.44531E+18,25,25,25,25,25
25,5.44535E+18,25,25,25,25,25
25,5.44536E+18,25,25,25,25,25
25,5.44536E+18,25,25,25,25,25
25,5.44538E+18,25,25,25,25,25
25,5.44538E+18,25,25,25,25,25
25,5.44538E+18,25,25,25,25,25
25,5.44539E+18,25,25,25,25,25
25,5.4454E+18,25,25,25,25,25
25,5.4454E+18,25,25,25,25,25
25,5.44542E+18,25,25,25,25,25
25,5.44543E+18,25,25,25,25,25
25,5.44545E+18,25,25,25,25,25
25,5.44546E+18,25,25,25,25,25
25,5.44548E+18,25,25,25,25,25
25,5.44549E+18,25,25,25,25,25
25,5.44551E+18,25,25,25,25,25
25,5.44551E+18,25,25,25,25,25
25,5.44563E+18,25,25,25,25,25
25,5.44567E+18,25,25,25,25,25
25,5.44567E+18,25,25,25,25,25
25,5.44567E+18,25,25,25,25,25
25,5.44575E+18,25,25,25,25,25
25,5.44575E+18,25,25,25,25,25
25,5.44582E+18,25,25,25,25,25
25,5.44583E+18,25,25,25,25,25
25,5.44584E+18,25,25,25,25,25
25,5.44585E+18,25,25,25,25,25
25,5.44591E+18,25,25,25,25,25
25,5.44593E+18,25,25,25,25,25
25,5.44593E+18,25,25,25,25,25
25,5.44596E+18,25,25,25,25,25
25,5.44599E+18,25,25,25,25,25
25,5.44599E+18,25,25,25,25,25
25,5.44602E+18,25,25,25,25,25
25,5.44603E+18,25,25,25,25,25
25,5.44604E+18,25,25,25,25,25
25,5.44605E+18,25,25,25,25,25
25,5.44615E+18,25,25,25,25,25
25,5.44615E+18,25,25,25,25,25
25,5.44618E+18,25,25,25,25,25
25,5.4462E+18,25,25,25,25,25
25,5.44621E+18,25,25,25,25,25
25,5.44621E+18,25,25,25,25,25
25,5.44624E+18,25,25,25,25,25
25,5.44626E+18,25,25,25,25,25
25,5.44628E+18,25,25,25,25,25
25,5.44628E+18,25,25,25,25,25
25,5.44632E+18,25,25,25,25,25
25,5.44634E+18,25,25,25,25,25
25,5.44634E+18,25,25,25,25,25
25,5.44636E+18,25,25,25,25,25
25,5.44636E+18,25,25,25,25,25
25,5.44646E+18,25,25,25,25,25
25,5.44652E+18,25,25,25,25,25
25,5.44652E+18,25,25,25,25,25
25,5.44654E+18,25,25,25,25,25
25,5.44655E+18,25,25,25,25,25
25,5.44657E+18,25,25,25,25,25
25,5.4466E+18,25,25,25,25,25
25,5.44668E+18,25,25,25,25,25
25,5.4467E+18,25,25,25,25,25
25,5.44673E+18,25,25,25,25,25
25,5.44675E+18,25,25,25,25,25
25,5.44676E+18,25,25,25,25,25
25,5.44676E+18,25,25,25,25,25
25,5.44676E+18,25,25,25,25,25
25,5.44678E+18,25,25,25,25,25
25,5.44678E+18,25,25,25,25,25
25,5.44679E+18,25,25,25,25,25
25,5.44681E+18,25,25,25,25,25
25,5.44682E+18,25,25,25,25,25
25,5.44684E+18,25,25,25,25,25
25,5.44686E+18,25,25,25,25,25
25,5.44686E+18,25,25,25,25,25
25,5.44686E+18,25,25,25,25,25
25,5.44688E+18,25,25,25,25,25
25,5.4469E+18,25,25,25,25,25
25,5.44693E+18,25,25,25,25,25
25,5.44693E+18,25,25,25,25,25
25,5.44693E+18,25,25,25,25,25
25,5.44694E+18,25,25,25,25,25
25,5.44695E+18,25,25,25,25,25
25,5.44695E+18,25,25,25,25,25
25,5.44696E+18,25,25,25,25,25
25,5.44697E+18,25,25,25,25,25
25,5.447E+18,25,25,25,25,25
25,5.44702E+18,25,25,25,25,25
25,5.44702E+18,25,25,25,25,25
25,5.44704E+18,25,25,25,25,25
25,5.44705E+18,25,25,25,25,25
25,5.44706E+18,25,25,25,25,25
25,5.44707E+18,25,25,25,25,25
25,5.44708E+18,25,25,25,25,25
25,5.44708E+18,25,25,25,25,25
25,5.44709E+18,25,25,25,25,25
25,5.44714E+18,25,25,25,25,25
25,5.44722E+18,25,25,25,25,25
25,5.44729E+18,25,25,25,25,25
25,5.44734E+18,25,25,25,25,25
25,5.44741E+18,25,25,25,25,25
25,5.44742E+18,25,25,25,25,25
25,5.44742E+18,25,25,25,25,25
25,5.44743E+18,25,25,25,25,25
25,5.44746E+18,25,25,25,25,25
25,5.44747E+18,25,25,25,25,25
25,5.44749E+18,25,25,25,25,25
25,5.44749E+18,25,25,25,25,25
25,5.4475E+18,25,25,25,25,25
25,5.44755E+18,25,25,25,25,25
25,5.44757E+18,25,25,25,25,25
25,5.44757E+18,25,25,25,25,25
25,5.44758E+18,25,25,25,25,25
25,5.44759E+18,25,25,25,25,25
25,5.44761E+18,25,25,25,25,25
25,5.44766E+18,25,25,25,25,25
25,5.44766E+18,25,25,25,25,25
25,5.4477E+18,25,25,25,25,25
25,5.44771E+18,25,25,25,25,25
25,5.44774E+18,25,25,25,25,25
25,5.44774E+18,25,25,25,25,25
25,5.44775E+18,25,25,25,25,25
25,5.44776E+18,25,25,25,25,25
25,5.44776E+18,25,25,25,25,25
25,5.44781E+18,25,25,25,25,25
25,5.44783E+18,25,25,25,25,25
25,5.44786E+18,25,25,25,25,25
25,5.44788E+18,25,25,25,25,25
25,5.44788E+18,25,25,25,25,25
25,5.44789E+18,25,25,25,25,25
25,5.44791E+18,25,25,25,25,25
25,5.44799E+18,25,25,25,25,25
25,5.44804E+18,25,25,25,25,25
25,5.44811E+18,25,25,25,25,25
25,5.44815E+18,25,25,25,25,25
25,5.44818E+18,25,25,25,25,25
25,5.44823E+18,25,25,25,25,25
25,5.44826E+18,25,25,25,25,25
25,5.44828E+18,25,25,25,25,25
25,5.44833E+18,25,25,25,25,25
25,5.44834E+18,25,25,25,25,25
25,5.44834E+18,25,25,25,25,25
25,5.44837E+18,25,25,25,25,25
25,5.44838E+18,25,25,25,25,25
25,5.44838E+18,25,25,25,25,25
25,5.4484E+18,25,25,25,25,25
25,5.4484E+18,25,25,25,25,25
25,5.44843E+18,25,25,25,25,25
25,5.44843E+18,25,25,25,25,25
25,5.44843E+18,25,25,25,25,25
25,5.44844E+18,25,25,25,25,25
25,5.44844E+18,25,25,25,25,25
25,5.44846E+18,25,25,25,25,25
25,5.44849E+18,25,25,25,25,25
25,5.4485E+18,25,25,25,25,25
25,5.44855E+18,25,25,25,25,25
25,5.44855E+18,25,25,25,25,25
25,5.44858E+18,25,25,25,25,25
25,5.44858E+18,25,25,25,25,25
25,5.4486E+18,25,25,25,25,25
25,5.44861E+18,25,25,25,25,25
25,5.44861E+18,25,25,25,25,25
25,5.44863E+18,25,25,25,25,25
25,5.44864E+18,25,25,25,25,25
25,5.44864E+18,25,25,25,25,25
25,5.44866E+18,25,25,25,25,25
25,5.44869E+18,25,25,25,25,25
25,5.4487E+18,25,25,25,25,25
25,5.44871E+18,25,25,25,25,25
25,5.44871E+18,25,25,25,25,25
25,5.44871E+18,25,25,25,25,25
25,5.44872E+18,25,25,25,25,25
25,5.44874E+18,25,25,25,25,25
25,5.44875E+18,25,25,25,25,25
25,5.449E+18,25,25,25,25,25
25,5.44901E+18,25,25,25,25,25
25,5.44906E+18,25,25,25,25,25
25,5.44909E+18,25,25,25,25,25
25,5.44915E+18,25,25,25,25,25
25,5.44917E+18,25,25,25,25,25
25,5.44918E+18,25,25,25,25,25
25,5.44923E+18,25,25,25,25,25
25,5.44927E+18,25,25,25,25,25
25,5.44927E+18,25,25,25,25,25
25,5.44927E+18,25,25,25,25,25
25,5.44927E+18,25,25,25,25,25
25,5.44928E+18,25,25,25,25,25
25,5.44928E+18,25,25,25,25,25
25,5.44931E+18,25,25,25,25,25
25,5.44932E+18,25,25,25,25,25
25,5.44935E+18,25,25,25,25,25
25,5.44937E+18,25,25,25,25,25
25,5.4494E+18,25,25,25,25,25
25,5.4494E+18,25,25,25,25,25
25,5.44942E+18,25,25,25,25,25
25,5.44943E+18,25,25,25,25,25
25,5.44943E+18,25,25,25,25,25
25,5.44943E+18,25,25,25,25,25
25,5.44944E+18,25,25,25,25,25
25,5.44947E+18,25,25,25,25,25
25,5.44949E+18,25,25,25,25,25
25,5.44954E+18,25,25,25,25,25
25,5.44954E+18,25,25,25,25,25
25,5.44955E+18,25,25,25,25,25
25,5.44958E+18,25,25,25,25,25
25,5.44976E+18,25,25,25,25,25
25,5.44979E+18,25,25,25,25,25
25,5.44979E+18,25,25,25,25,25
25,5.4498E+18,25,25,25,25,25
25,5.44983E+18,25,25,25,25,25
25,5.44985E+18,25,25,25,25,25
25,5.44985E+18,25,25,25,25,25
25,5.44985E+18,25,25,25,25,25
25,5.44985E+18,25,25,25,25,25
25,5.44985E+18,25,25,25,25,25
25,5.44987E+18,25,25,25,25,25
25,5.44988E+18,25,25,25,25,25
25,5.4499E+18,25,25,25,25,25
25,5.4499E+18,25,25,25,25,25
25,5.44991E+18,25,25,25,25,25
25,5.44993E+18,25,25,25,25,25
25,5.44995E+18,25,25,25,25,25
25,5.44996E+18,25,25,25,25,25
25,5.44998E+18,25,25,25,25,25
25,5.44998E+18,25,25,25,25,25
25,5.45001E+18,25,25,25,25,25
25,5.45002E+18,25,25,25,25,25
25,5.45004E+18,25,25,25,25,25
25,5.45005E+18,25,25,25,25,25
25,5.45006E+18,25,25,25,25,25
25,5.45007E+18,25,25,25,25,25
25,5.45009E+18,25,25,25,25,25
25,5.45011E+18,25,25,25,25,25
25,5.45014E+18,25,25,25,25,25
25,5.45015E+18,25,25,25,25,25
25,5.45025E+18,25,25,25,25,25
25,5.45025E+18,25,25,25,25,25
25,5.45027E+18,25,25,25,25,25
25,5.45027E+18,25,25,25,25,25
25,5.45027E+18,25,25,25,25,25
25,5.4503E+18,25,25,25,25,25
25,5.45032E+18,25,25,25,25,25
25,5.45033E+18,25,25,25,25,25
25,5.45034E+18,25,25,25,25,25
25,5.45038E+18,25,25,25,25,25
25,5.45038E+18,25,25,25,25,25
25,5.4504E+18,25,25,25,25,25
25,5.45043E+18,25,25,25,25,25
25,5.45043E+18,25,25,25,25,25
25,5.45044E+18,25,25,25,25,25
25,5.45044E+18,25,25,25,25,25
25,5.45057E+18,25,25,25,25,25
25,5.45061E+18,25,25,25,25,25
25,5.45069E+18,25,25,25,25,25
25,5.45069E+18,25,25,25,25,25
25,5.45073E+18,25,25,25,25,25
25,5.45075E+18,25,25,25,25,25
25,5.45077E+18,25,25,25,25,25
25,5.45079E+18,25,25,25,25,25
25,5.45085E+18,25,25,25,25,25
25,5.45088E+18,25,25,25,25,25
25,5.45094E+18,25,25,25,25,25
25,5.45096E+18,25,25,25,25,25
25,5.45099E+18,25,25,25,25,25
25,5.45104E+18,25,25,25,25,25
25,5.45107E+18,25,25,25,25,25
25,5.45115E+18,25,25,25,25,25
25,5.45126E+18,25,25,25,25,25
25,5.45126E+18,25,25,25,25,25
25,5.45131E+18,25,25,25,25,25
25,5.45361E+18,25,25,25,25,25
25,5.45393E+18,25,25,25,25,25
25,5.45394E+18,25,25,25,25,25
25,5.45395E+18,25,25,25,25,25
25,5.45398E+18,25,25,25,25,25
25,5.45398E+18,25,25,25,25,25
25,5.45403E+18,25,25,25,25,25
25,5.45403E+18,25,25,25,25,25
25,5.45414E+18,25,25,25,25,25
25,5.45429E+18,25,25,25,25,25
25,5.45431E+18,25,25,25,25,25
25,5.45434E+18,25,25,25,25,25
25,5.45448E+18,25,25,25,25,25
25,5.4545E+18,25,25,25,25,25
25,5.45453E+18,25,25,25,25,25
25,5.45456E+18,25,25,25,25,25
25,5.45467E+18,25,25,25,25,25
25,5.45474E+18,25,25,25,25,25
25,5.45475E+18,25,25,25,25,25
25,5.45477E+18,25,25,25,25,25
25,5.45477E+18,25,25,25,25,25
25,5.45478E+18,25,25,25,25,25
25,5.4548E+18,25,25,25,25,25
25,5.45492E+18,25,25,25,25,25
25,5.45493E+18,25,25,25,25,25
25,5.45493E+18,25,25,25,25,25
25,5.45495E+18,25,25,25,25,25
25,5.45497E+18,25,25,25,25,25
25,5.45503E+18,25,25,25,25,25
25,5.45503E+18,25,25,25,25,25
25,5.45505E+18,25,25,25,25,25
25,5.45506E+18,25,25,25,25,25
25,5.45506E+18,25,25,25,25,25
25,5.45506E+18,25,25,25,25,25
25,5.45508E+18,25,25,25,25,25
25,5.45509E+18,25,25,25,25,25
25,5.45514E+18,25,25,25,25,25
25,5.45515E+18,25,25,25,25,25
25,5.45517E+18,25,25,25,25,25
25,5.4552E+18,25,25,25,25,25
25,5.45523E+18,25,25,25,25,25
25,5.45524E+18,25,25,25,25,25
25,5.45527E+18,25,25,25,25,25
25,5.45535E+18,25,25,25,25,25
25,5.45537E+18,25,25,25,25,25
25,5.45538E+18,25,25,25,25,25
25,5.45538E+18,25,25,25,25,25
25,5.45554E+18,25,25,25,25,25
25,5.4556E+18,25,25,25,25,25
25,5.45568E+18,25,25,25,25,25
25,5.45572E+18,25,25,25,25,25
25,5.45573E+18,25,25,25,25,25
25,5.45588E+18,25,25,25,25,25
25,5.45598E+18,25,25,25,25,25
25,5.45599E+18,25,25,25,25,25
25,5.45604E+18,25,25,25,25,25
25,5.45604E+18,25,25,25,25,25
25,5.45605E+18,25,25,25,25,25
25,5.45608E+18,25,25,25,25,25
25,5.45628E+18,25,25,25,25,25
25,5.4563E+18,25,25,25,25,25
25,5.45633E+18,25,25,25,25,25
25,5.45636E+18,25,25,25,25,25
25,5.4564E+18,25,25,25,25,25
25,5.4564E+18,25,25,25,25,25
25,5.4564E+18,25,25,25,25,25
25,5.45644E+18,25,25,25,25,25
25,5.45646E+18,25,25,25,25,25
25,5.45647E+18,25,25,25,25,25
25,5.45648E+18,25,25,25,25,25
25,5.4565E+18,25,25,25,25,25
25,5.4565E+18,25,25,25,25,25
25,5.45653E+18,25,25,25,25,25
25,5.45654E+18,25,25,25,25,25
25,5.45656E+18,25,25,25,25,25
25,5.45663E+18,25,25,25,25,25
25,5.45669E+18,25,25,25,25,25
25,5.45673E+18,25,25,25,25,25
25,5.45673E+18,25,25,25,25,25
25,5.45673E+18,25,25,25,25,25
25,5.45674E+18,25,25,25,25,25
25,5.45677E+18,25,25,25,25,25
25,5.45678E+18,25,25,25,25,25
25,5.45684E+18,25,25,25,25,25
25,5.45691E+18,25,25,25,25,25
25,5.45693E+18,25,25,25,25,25
25,5.45694E+18,25,25,25,25,25
25,5.45694E+18,25,25,25,25,25
25,5.45694E+18,25,25,25,25,25
25,5.45697E+18,25,25,25,25,25
25,5.45697E+18,25,25,25,25,25
25,5.45697E+18,25,25,25,25,25
25,5.45716E+18,25,25,25,25,25
25,5.45726E+18,25,25,25,25,25
25,5.45726E+18,25,25,25,25,25
25,5.45728E+18,25,25,25,25,25
25,5.45731E+18,25,25,25,25,25
25,5.45731E+18,25,25,25,25,25
25,5.45732E+18,25,25,25,25,25
25,5.45732E+18,25,25,25,25,25
25,5.45732E+18,25,25,25,25,25
25,5.45733E+18,25,25,25,25,25
25,5.45736E+18,25,25,25,25,25
25,5.45736E+18,25,25,25,25,25
25,5.45739E+18,25,25,25,25,25
25,5.45739E+18,25,25,25,25,25
25,5.45741E+18,25,25,25,25,25
25,5.45743E+18,25,25,25,25,25
25,5.45743E+18,25,25,25,25,25
25,5.45744E+18,25,25,25,25,25
25,5.45744E+18,25,25,25,25,25
25,5.45744E+18,25,25,25,25,25
25,5.45746E+18,25,25,25,25,25
25,5.45746E+18,25,25,25,25,25
25,5.45747E+18,25,25,25,25,25
25,5.45748E+18,25,25,25,25,25
25,5.4575E+18,25,25,25,25,25
25,5.45753E+18,25,25,25,25,25
25,5.45755E+18,25,25,25,25,25
25,5.45759E+18,25,25,25,25,25
25,5.4576E+18,25,25,25,25,25
25,5.4576E+18,25,25,25,25,25
25,5.4576E+18,25,25,25,25,25
25,5.45763E+18,25,25,25,25,25
25,5.45763E+18,25,25,25,25,25
25,5.45763E+18,25,25,25,25,25
25,5.45766E+18,25,25,25,25,25
25,5.45766E+18,25,25,25,25,25
25,5.45767E+18,25,25,25,25,25
25,5.45767E+18,25,25,25,25,25
25,5.45767E+18,25,25,25,25,25
25,5.45768E+18,25,25,25,25,25
25,5.45768E+18,25,25,25,25,25
25,5.45796E+18,25,25,25,25,25
25,5.45798E+18,25,25,25,25,25
25,5.458E+18,25,25,25,25,25
25,5.45802E+18,25,25,25,25,25
25,5.45803E+18,25,25,25,25,25
25,5.45804E+18,25,25,25,25,25
25,5.45805E+18,25,25,25,25,25
25,5.45807E+18,25,25,25,25,25
25,5.45807E+18,25,25,25,25,25
25,5.45808E+18,25,25,25,25,25
25,5.45809E+18,25,25,25,25,25
25,5.45809E+18,25,25,25,25,25
25,5.45811E+18,25,25,25,25,25
25,5.45815E+18,25,25,25,25,25
25,5.45816E+18,25,25,25,25,25
25,5.45817E+18,25,25,25,25,25
25,5.45818E+18,25,25,25,25,25
25,5.45818E+18,25,25,25,25,25
25,5.45819E+18,25,25,25,25,25
25,5.45819E+18,25,25,25,25,25
25,5.45821E+18,25,25,25,25,25
25,5.45823E+18,25,25,25,25,25
25,5.45824E+18,25,25,25,25,25
25,5.45825E+18,25,25,25,25,25
25,5.45826E+18,25,25,25,25,25
25,5.45828E+18,25,25,25,25,25
25,5.45833E+18,25,25,25,25,25
25,5.45833E+18,25,25,25,25,25
25,5.45833E+18,25,25,25,25,25
25,5.45834E+18,25,25,25,25,25
25,5.45834E+18,25,25,25,25,25
25,5.45835E+18,25,25,25,25,25
25,5.45839E+18,25,25,25,25,25
25,5.45839E+18,25,25,25,25,25
25,5.45839E+18,25,25,25,25,25
25,5.45841E+18,25,25,25,25,25
25,5.45844E+18,25,25,25,25,25
25,5.45845E+18,25,25,25,25,25
25,5.45845E+18,25,25,25,25,25
25,5.45852E+18,25,25,25,25,25
25,5.45853E+18,25,25,25,25,25
25,5.45853E+18,25,25,25,25,25
25,5.45857E+18,25,25,25,25,25
25,5.45857E+18,25,25,25,25,25
25,5.45864E+18,25,25,25,25,25
25,5.45865E+18,25,25,25,25,25
25,5.45875E+18,25,25,25,25,25
25,5.45884E+18,25,25,25,25,25
25,5.45884E+18,25,25,25,25,25
25,5.45892E+18,25,25,25,25,25
25,5.45894E+18,25,25,25,25,25
25,5.45894E+18,25,25,25,25,25
25,5.45898E+18,25,25,25,25,25
25,5.459E+18,25,25,25,25,25
25,5.459E+18,25,25,25,25,25
25,5.45901E+18,25,25,25,25,25
25,5.45902E+18,25,25,25,25,25
25,5.45903E+18,25,25,25,25,25
25,5.45904E+18,25,25,25,25,25
25,5.45905E+18,25,25,25,25,25
25,5.4591E+18,25,25,25,25,25
25,5.4591E+18,25,25,25,25,25
25,5.45913E+18,25,25,25,25,25
25,5.45914E+18,25,25,25,25,25
25,5.45916E+18,25,25,25,25,25
25,5.45918E+18,25,25,25,25,25
25,5.45918E+18,25,25,25,25,25
25,5.45921E+18,25,25,25,25,25
25,5.45921E+18,25,25,25,25,25
25,5.45922E+18,25,25,25,25,25
25,5.45922E+18,25,25,25,25,25
25,5.45922E+18,25,25,25,25,25
25,5.45923E+18,25,25,25,25,25
25,5.45926E+18,25,25,25,25,25
25,5.45929E+18,25,25,25,25,25
25,5.45931E+18,25,25,25,25,25
25,5.45932E+18,25,25,25,25,25
25,5.45935E+18,25,25,25,25,25
25,5.45935E+18,25,25,25,25,25
25,5.45936E+18,25,25,25,25,25
25,5.45937E+18,25,25,25,25,25
25,5.45937E+18,25,25,25,25,25
25,5.45938E+18,25,25,25,25,25
25,5.45939E+18,25,25,25,25,25
25,5.4594E+18,25,25,25,25,25
25,5.45942E+18,25,25,25,25,25
25,5.45946E+18,25,25,25,25,25
25,5.45957E+18,25,25,25,25,25
25,5.45959E+18,25,25,25,25,25
25,5.45961E+18,25,25,25,25,25
25,5.45963E+18,25,25,25,25,25
25,5.45964E+18,25,25,25,25,25
25,5.45964E+18,25,25,25,25,25
25,5.45967E+18,25,25,25,25,25
25,5.45971E+18,25,25,25,25,25
25,5.45972E+18,25,25,25,25,25
25,5.45972E+18,25,25,25,25,25
25,5.45972E+18,25,25,25,25,25
25,5.45974E+18,25,25,25,25,25
25,5.45977E+18,25,25,25,25,25
25,5.45979E+18,25,25,25,25,25
25,5.45979E+18,25,25,25,25,25
25,5.45985E+18,25,25,25,25,25
25,5.45987E+18,25,25,25,25,25
25,5.45987E+18,25,25,25,25,25
25,5.45988E+18,25,25,25,25,25
25,5.45988E+18,25,25,25,25,25
25,5.45991E+18,25,25,25,25,25
25,5.45992E+18,25,25,25,25,25
25,5.45992E+18,25,25,25,25,25
25,5.45994E+18,25,25,25,25,25
25,5.45995E+18,25,25,25,25,25
25,5.45998E+18,25,25,25,25,25
25,5.45999E+18,25,25,25,25,25
25,5.46003E+18,25,25,25,25,25
25,5.46006E+18,25,25,25,25,25
25,5.46006E+18,25,25,25,25,25
25,5.46007E+18,25,25,25,25,25
25,5.4601E+18,25,25,25,25,25
25,5.46014E+18,25,25,25,25,25
25,5.46016E+18,25,25,25,25,25
25,5.46018E+18,25,25,25,25,25
25,5.46019E+18,25,25,25,25,25
25,5.4602E+18,25,25,25,25,25
25,5.46021E+18,25,25,25,25,25
25,5.46022E+18,25,25,25,25,25
25,5.46023E+18,25,25,25,25,25
25,5.46025E+18,25,25,25,25,25
25,5.4604E+18,25,25,25,25,25
25,5.46043E+18,25,25,25,25,25
25,5.46044E+18,25,25,25,25,25
25,5.46048E+18,25,25,25,25,25
25,5.46055E+18,25,25,25,25,25
25,5.46059E+18,25,25,25,25,25
25,5.46065E+18,25,25,25,25,25
25,5.46066E+18,25,25,25,25,25
25,5.46071E+18,25,25,25,25,25
25,5.46071E+18,25,25,25,25,25
25,5.46072E+18,25,25,25,25,25
25,5.46079E+18,25,25,25,25,25
25,5.46079E+18,25,25,25,25,25
25,5.46079E+18,25,25,25,25,25
25,5.4608E+18,25,25,25,25,25
25,5.46082E+18,25,25,25,25,25
25,5.46083E+18,25,25,25,25,25
25,5.46084E+18,25,25,25,25,25
25,5.46087E+18,25,25,25,25,25
25,5.46088E+18,25,25,25,25,25
25,5.46088E+18,25,25,25,25,25
25,5.46089E+18,25,25,25,25,25
25,5.46091E+18,25,25,25,25,25
25,5.46092E+18,25,25,25,25,25
25,5.46097E+18,25,25,25,25,25
25,5.46097E+18,25,25,25,25,25
25,5.46097E+18,25,25,25,25,25
25,5.46099E+18,25,25,25,25,25
25,5.461E+18,25,25,25,25,25
25,5.461E+18,25,25,25,25,25
25,5.46101E+18,25,25,25,25,25
25,5.46101E+18,25,25,25,25,25
25,5.46101E+18,25,25,25,25,25
25,5.46104E+18,25,25,25,25,25
25,5.46104E+18,25,25,25,25,25
25,5.46104E+18,25,25,25,25,25
25,5.46106E+18,25,25,25,25,25
25,5.46106E+18,25,25,25,25,25
25,5.46108E+18,25,25,25,25,25
25,5.4611E+18,25,25,25,25,25
25,5.46125E+18,25,25,25,25,25
25,5.46128E+18,25,25,25,25,25
25,5.4613E+18,25,25,25,25,25
25,5.46132E+18,25,25,25,25,25
25,5.46133E+18,25,25,25,25,25
25,5.46135E+18,25,25,25,25,25
25,5.46138E+18,25,25,25,25,25
25,5.46139E+18,25,25,25,25,25
25,5.46145E+18,25,25,25,25,25
25,5.46145E+18,25,25,25,25,25
25,5.46148E+18,25,25,25,25,25
25,5.46148E+18,25,25,25,25,25
25,5.46148E+18,25,25,25,25,25
25,5.46149E+18,25,25,25,25,25
25,5.4615E+18,25,25,25,25,25
25,5.46153E+18,25,25,25,25,25
25,5.46155E+18,25,25,25,25,25
25,5.46157E+18,25,25,25,25,25
25,5.46159E+18,25,25,25,25,25
25,5.46161E+18,25,25,25,25,25
25,5.46161E+18,25,25,25,25,25
25,5.46161E+18,25,25,25,25,25
25,5.46162E+18,25,25,25,25,25
25,5.46164E+18,25,25,25,25,25
25,5.46165E+18,25,25,25,25,25
25,5.46165E+18,25,25,25,25,25
25,5.46165E+18,25,25,25,25,25
25,5.46166E+18,25,25,25,25,25
25,5.4617E+18,25,25,25,25,25
25,5.46173E+18,25,25,25,25,25
25,5.46175E+18,25,25,25,25,25
25,5.4618E+18,25,25,25,25,25
25,5.4618E+18,25,25,25,25,25
25,5.46181E+18,25,25,25,25,25
25,5.46184E+18,25,25,25,25,25
25,5.46185E+18,25,25,25,25,25
25,5.46185E+18,25,25,25,25,25
25,5.46186E+18,25,25,25,25,25
25,5.4619E+18,25,25,25,25,25
25,5.46192E+18,25,25,25,25,25
25,5.46196E+18,25,25,25,25,25
25,5.46204E+18,25,25,25,25,25
25,5.46206E+18,25,25,25,25,25
25,5.46207E+18,25,25,25,25,25
25,5.46207E+18,25,25,25,25,25
25,5.46207E+18,25,25,25,25,25
25,5.46213E+18,25,25,25,25,25
25,5.46215E+18,25,25,25,25,25
25,5.46216E+18,25,25,25,25,25
25,5.46217E+18,25,25,25,25,25
25,5.46223E+18,25,25,25,25,25
25,5.46226E+18,25,25,25,25,25
25,5.46232E+18,25,25,25,25,25
25,5.46234E+18,25,25,25,25,25
25,5.46234E+18,25,25,25,25,25
25,5.46237E+18,25,25,25,25,25
25,5.46238E+18,25,25,25,25,25
25,5.46243E+18,25,25,25,25,25
25,5.46243E+18,25,25,25,25,25
25,5.46246E+18,25,25,25,25,25
25,5.46247E+18,25,25,25,25,25
25,5.46249E+18,25,25,25,25,25
25,5.46251E+18,25,25,25,25,25
25,5.46252E+18,25,25,25,25,25
25,5.46252E+18,25,25,25,25,25
25,5.46255E+18,25,25,25,25,25
25,5.46257E+18,25,25,25,25,25
25,5.46257E+18,25,25,25,25,25
25,5.46258E+18,25,25,25,25,25
25,5.46259E+18,25,25,25,25,25
25,5.46261E+18,25,25,25,25,25
25,5.46262E+18,25,25,25,25,25
25,5.46263E+18,25,25,25,25,25
25,5.46264E+18,25,25,25,25,25
25,5.46265E+18,25,25,25,25,25
25,5.46265E+18,25,25,25,25,25
25,5.46267E+18,25,25,25,25,25
25,5.46267E+18,25,25,25,25,25
25,5.46268E+18,25,25,25,25,25
25,5.46268E+18,25,25,25,25,25
25,5.4627E+18,25,25,25,25,25
25,5.46273E+18,25,25,25,25,25
25,5.46274E+18,25,25,25,25,25
25,5.46274E+18,25,25,25,25,25
25,5.4629E+18,25,25,25,25,25
25,5.46291E+18,25,25,25,25,25
25,5.46291E+18,25,25,25,25,25
25,5.46292E+18,25,25,25,25,25
25,5.46293E+18,25,25,25,25,25
25,5.46296E+18,25,25,25,25,25
25,5.46297E+18,25,25,25,25,25
25,5.46299E+18,25,25,25,25,25
25,5.463E+18,25,25,25,25,25
25,5.46303E+18,25,25,25,25,25
25,5.46307E+18,25,25,25,25,25
25,5.46308E+18,25,25,25,25,25
25,5.46315E+18,25,25,25,25,25
25,5.46317E+18,25,25,25,25,25
25,5.46318E+18,25,25,25,25,25
25,5.46318E+18,25,25,25,25,25
25,5.46319E+18,25,25,25,25,25
25,5.4632E+18,25,25,25,25,25
25,5.46321E+18,25,25,25,25,25
25,5.46322E+18,25,25,25,25,25
25,5.46326E+18,25,25,25,25,25
25,5.46326E+18,25,25,25,25,25
25,5.46327E+18,25,25,25,25,25
25,5.46327E+18,25,25,25,25,25
25,5.46328E+18,25,25,25,25,25
25,5.46329E+18,25,25,25,25,25
25,5.46329E+18,25,25,25,25,25
25,5.46331E+18,25,25,25,25,25
25,5.46336E+18,25,25,25,25,25
25,5.46337E+18,25,25,25,25,25
25,5.46339E+18,25,25,25,25,25
25,5.46339E+18,25,25,25,25,25
25,5.46342E+18,25,25,25,25,25
25,5.46344E+18,25,25,25,25,25
25,5.46345E+18,25,25,25,25,25
25,5.46345E+18,25,25,25,25,25
25,5.46349E+18,25,25,25,25,25
25,5.46351E+18,25,25,25,25,25
25,5.46352E+18,25,25,25,25,25
25,5.46372E+18,25,25,25,25,25
25,5.46372E+18,25,25,25,25,25
25,5.46374E+18,25,25,25,25,25
25,5.46378E+18,25,25,25,25,25
25,5.46379E+18,25,25,25,25,25
25,5.46381E+18,25,25,25,25,25
25,5.46388E+18,25,25,25,25,25
25,5.46397E+18,25,25,25,25,25
25,5.46399E+18,25,25,25,25,25
25,5.46403E+18,25,25,25,25,25
25,5.46403E+18,25,25,25,25,25
25,5.46404E+18,25,25,25,25,25
25,5.46408E+18,25,25,25,25,25
25,5.46409E+18,25,25,25,25,25
25,5.4641E+18,25,25,25,25,25
25,5.46411E+18,25,25,25,25,25
25,5.46411E+18,25,25,25,25,25
25,5.46415E+18,25,25,25,25,25
25,5.46415E+18,25,25,25,25,25
25,5.46416E+18,25,25,25,25,25
25,5.46418E+18,25,25,25,25,25
25,5.46418E+18,25,25,25,25,25
25,5.46419E+18,25,25,25,25,25
25,5.4642E+18,25,25,25,25,25
25,5.4642E+18,25,25,25,25,25
25,5.4642E+18,25,25,25,25,25
25,5.46426E+18,25,25,25,25,25
25,5.46426E+18,25,25,25,25,25
25,5.46426E+18,25,25,25,25,25
25,5.46427E+18,25,25,25,25,25
25,5.46428E+18,25,25,25,25,25
25,5.46432E+18,25,25,25,25,25
25,5.46434E+18,25,25,25,25,25
25,5.46434E+18,25,25,25,25,25
25,5.46435E+18,25,25,25,25,25
25,5.46443E+18,25,25,25,25,25
25,5.46454E+18,25,25,25,25,25
25,5.46457E+18,25,25,25,25,25
25,5.46458E+18,25,25,25,25,25
25,5.46462E+18,25,25,25,25,25
25,5.46463E+18,25,25,25,25,25
25,5.46467E+18,25,25,25,25,25
25,5.46468E+18,25,25,25,25,25
25,5.4647E+18,25,25,25,25,25
25,5.46471E+18,25,25,25,25,25
25,5.46471E+18,25,25,25,25,25
25,5.46472E+18,25,25,25,25,25
25,5.46478E+18,25,25,25,25,25
25,5.46479E+18,25,25,25,25,25
25,5.46482E+18,25,25,25,25,25
25,5.46482E+18,25,25,25,25,25
25,5.46484E+18,25,25,25,25,25
25,5.46484E+18,25,25,25,25,25
25,5.46491E+18,25,25,25,25,25
25,5.46495E+18,25,25,25,25,25
25,5.46496E+18,25,25,25,25,25
25,5.465E+18,25,25,25,25,25
25,5.46501E+18,25,25,25,25,25
25,5.4651E+18,25,25,25,25,25
25,5.46513E+18,25,25,25,25,25
25,5.46513E+18,25,25,25,25,25
25,5.46514E+18,25,25,25,25,25
25,5.46514E+18,25,25,25,25,25
25,5.46522E+18,25,25,25,25,25
25,5.46535E+18,25,25,25,25,25
25,5.46548E+18,25,25,25,25,25
25,5.46551E+18,25,25,25,25,25
25,5.46553E+18,25,25,25,25,25
25,5.46554E+18,25,25,25,25,25
25,5.46555E+18,25,25,25,25,25
25,5.46555E+18,25,25,25,25,25
25,5.46559E+18,25,25,25,25,25
25,5.46561E+18,25,25,25,25,25
25,5.46563E+18,25,25,25,25,25
25,5.46566E+18,25,25,25,25,25
25,5.46567E+18,25,25,25,25,25
25,5.46571E+18,25,25,25,25,25
25,5.46572E+18,25,25,25,25,25
25,5.46572E+18,25,25,25,25,25
25,5.46575E+18,25,25,25,25,25
25,5.46576E+18,25,25,25,25,25
25,5.46577E+18,25,25,25,25,25
25,5.46581E+18,25,25,25,25,25
25,5.46582E+18,25,25,25,25,25
25,5.46582E+18,25,25,25,25,25
25,5.46582E+18,25,25,25,25,25
25,5.46583E+18,25,25,25,25,25
25,5.46584E+18,25,25,25,25,25
25,5.46585E+18,25,25,25,25,25
25,5.46587E+18,25,25,25,25,25
25,5.46587E+18,25,25,25,25,25
25,5.4659E+18,25,25,25,25,25
25,5.46595E+18,25,25,25,25,25
25,5.46597E+18,25,25,25,25,25
25,5.46598E+18,25,25,25,25,25
25,5.46599E+18,25,25,25,25,25
25,5.466E+18,25,25,25,25,25
25,5.466E+18,25,25,25,25,25
25,5.4662E+18,25,25,25,25,25
25,5.46622E+18,25,25,25,25,25
25,5.46623E+18,25,25,25,25,25
25,5.46625E+18,25,25,25,25,25
25,5.46628E+18,25,25,25,25,25
25,5.46631E+18,25,25,25,25,25
25,5.46631E+18,25,25,25,25,25
25,5.46633E+18,25,25,25,25,25
25,5.46635E+18,25,25,25,25,25
25,5.46636E+18,25,25,25,25,25
25,5.46636E+18,25,25,25,25,25
25,5.46637E+18,25,25,25,25,25
25,5.46641E+18,25,25,25,25,25
25,5.46645E+18,25,25,25,25,25
25,5.46648E+18,25,25,25,25,25
25,5.46654E+18,25,25,25,25,25
25,5.46657E+18,25,25,25,25,25
25,5.4666E+18,25,25,25,25,25
25,5.4666E+18,25,25,25,25,25
25,5.46661E+18,25,25,25,25,25
25,5.46664E+18,25,25,25,25,25
25,5.46665E+18,25,25,25,25,25
25,5.46666E+18,25,25,25,25,25
25,5.46667E+18,25,25,25,25,25
25,5.46667E+18,25,25,25,25,25
25,5.46669E+18,25,25,25,25,25
25,5.46669E+18,25,25,25,25,25
25,5.4667E+18,25,25,25,25,25
25,5.4667E+18,25,25,25,25,25
25,5.46674E+18,25,25,25,25,25
25,5.46674E+18,25,25,25,25,25
25,5.46681E+18,25,25,25,25,25
25,5.46697E+18,25,25,25,25,25
25,5.46697E+18,25,25,25,25,25
25,5.46698E+18,25,25,25,25,25
25,5.46704E+18,25,25,25,25,25
25,5.46707E+18,25,25,25,25,25
25,5.46707E+18,25,25,25,25,25
25,5.46709E+18,25,25,25,25,25
25,5.46713E+18,25,25,25,25,25
25,5.46724E+18,25,25,25,25,25
25,5.46726E+18,25,25,25,25,25
25,5.46728E+18,25,25,25,25,25
25,5.46732E+18,25,25,25,25,25
25,5.46739E+18,25,25,25,25,25
25,5.46741E+18,25,25,25,25,25
25,5.46742E+18,25,25,25,25,25
25,5.46742E+18,25,25,25,25,25
25,5.46745E+18,25,25,25,25,25
25,5.46746E+18,25,25,25,25,25
25,5.46748E+18,25,25,25,25,25
25,5.46749E+18,25,25,25,25,25
25,5.46749E+18,25,25,25,25,25
25,5.4675E+18,25,25,25,25,25
25,5.46751E+18,25,25,25,25,25
25,5.46754E+18,25,25,25,25,25
25,5.46754E+18,25,25,25,25,25
25,5.46756E+18,25,25,25,25,25
25,5.46756E+18,25,25,25,25,25
25,5.46756E+18,25,25,25,25,25
25,5.46757E+18,25,25,25,25,25
25,5.46757E+18,25,25,25,25,25
25,5.46757E+18,25,25,25,25,25
25,5.4676E+18,25,25,25,25,25
25,5.46781E+18,25,25,25,25,25
25,5.46783E+18,25,25,25,25,25
25,5.46786E+18,25,25,25,25,25
25,5.46787E+18,25,25,25,25,25
25,5.46787E+18,25,25,25,25,25
25,5.46789E+18,25,25,25,25,25
25,5.46793E+18,25,25,25,25,25
25,5.46796E+18,25,25,25,25,25
25,5.46796E+18,25,25,25,25,25
25,5.46799E+18,25,25,25,25,25
25,5.468E+18,25,25,25,25,25
25,5.46801E+18,25,25,25,25,25
25,5.4681E+18,25,25,25,25,25
25,5.46818E+18,25,25,25,25,25
25,5.4682E+18,25,25,25,25,25
25,5.4682E+18,25,25,25,25,25
25,5.46822E+18,25,25,25,25,25
25,5.46826E+18,25,25,25,25,25
25,5.46826E+18,25,25,25,25,25
25,5.46827E+18,25,25,25,25,25
25,5.46828E+18,25,25,25,25,25
25,5.46829E+18,25,25,25,25,25
25,5.46832E+18,25,25,25,25,25
25,5.46834E+18,25,25,25,25,25
25,5.46835E+18,25,25,25,25,25
25,5.46835E+18,25,25,25,25,25
25,5.46839E+18,25,25,25,25,25
25,5.4684E+18,25,25,25,25,25
25,5.4684E+18,25,25,25,25,25
25,5.4684E+18,25,25,25,25,25
25,5.46841E+18,25,25,25,25,25
25,5.46841E+18,25,25,25,25,25
25,5.46842E+18,25,25,25,25,25
25,5.46845E+18,25,25,25,25,25
25,5.46848E+18,25,25,25,25,25
25,5.46864E+18,25,25,25,25,25
25,5.46865E+18,25,25,25,25,25
25,5.46867E+18,25,25,25,25,25
25,5.46868E+18,25,25,25,25,25
25,5.46871E+18,25,25,25,25,25
25,5.46873E+18,25,25,25,25,25
25,5.46873E+18,25,25,25,25,25
25,5.46878E+18,25,25,25,25,25
25,5.46878E+18,25,25,25,25,25
25,5.46881E+18,25,25,25,25,25
25,5.46881E+18,25,25,25,25,25
25,5.46883E+18,25,25,25,25,25
25,5.46884E+18,25,25,25,25,25
25,5.46886E+18,25,25,25,25,25
25,5.46886E+18,25,25,25,25,25
25,5.46888E+18,25,25,25,25,25
25,5.46891E+18,25,25,25,25,25
25,5.46892E+18,25,25,25,25,25
25,5.46896E+18,25,25,25,25,25
25,5.46897E+18,25,25,25,25,25
25,5.46899E+18,25,25,25,25,25
25,5.469E+18,25,25,25,25,25
25,5.469E+18,25,25,25,25,25
25,5.46903E+18,25,25,25,25,25
25,5.46904E+18,25,25,25,25,25
25,5.46906E+18,25,25,25,25,25
25,5.46907E+18,25,25,25,25,25
25,5.46907E+18,25,25,25,25,25
25,5.46908E+18,25,25,25,25,25
25,5.46911E+18,25,25,25,25,25
25,5.46916E+18,25,25,25,25,25
25,5.46919E+18,25,25,25,25,25
25,5.4692E+18,25,25,25,25,25
25,5.46922E+18,25,25,25,25,25
25,5.46923E+18,25,25,25,25,25
25,5.46924E+18,25,25,25,25,25
25,5.46924E+18,25,25,25,25,25
25,5.46926E+18,25,25,25,25,25
25,5.46928E+18,25,25,25,25,25
25,5.46929E+18,25,25,25,25,25
25,5.46942E+18,25,25,25,25,25
25,5.46945E+18,25,25,25,25,25
25,5.46945E+18,25,25,25,25,25
25,5.46945E+18,25,25,25,25,25
25,5.46947E+18,25,25,25,25,25
25,5.46949E+18,25,25,25,25,25
25,5.46956E+18,25,25,25,25,25
25,5.46957E+18,25,25,25,25,25
25,5.46957E+18,25,25,25,25,25
25,5.46957E+18,25,25,25,25,25
25,5.46958E+18,25,25,25,25,25
25,5.46958E+18,25,25,25,25,25
25,5.46958E+18,25,25,25,25,25
25,5.4696E+18,25,25,25,25,25
25,5.46962E+18,25,25,25,25,25
25,5.46966E+18,25,25,25,25,25
25,5.46967E+18,25,25,25,25,25
25,5.46971E+18,25,25,25,25,25
25,5.46974E+18,25,25,25,25,25
25,5.46977E+18,25,25,25,25,25
25,5.46981E+18,25,25,25,25,25
25,5.46984E+18,25,25,25,25,25
25,5.46984E+18,25,25,25,25,25
25,5.46985E+18,25,25,25,25,25
25,5.46986E+18,25,25,25,25,25
25,5.46987E+18,25,25,25,25,25
25,5.46987E+18,25,25,25,25,25
25,5.46987E+18,25,25,25,25,25
25,5.46989E+18,25,25,25,25,25
25,5.46989E+18,25,25,25,25,25
25,5.46991E+18,25,25,25,25,25
25,5.46992E+18,25,25,25,25,25
25,5.46994E+18,25,25,25,25,25
25,5.46994E+18,25,25,25,25,25
25,5.46995E+18,25,25,25,25,25
25,5.46998E+18,25,25,25,25,25
25,5.46999E+18,25,25,25,25,25
25,5.47E+18,25,25,25,25,25
25,5.47002E+18,25,25,25,25,25
25,5.47004E+18,25,25,25,25,25
25,5.47004E+18,25,25,25,25,25
25,5.47005E+18,25,25,25,25,25
25,5.47005E+18,25,25,25,25,25
25,5.47005E+18,25,25,25,25,25
25,5.47008E+18,25,25,25,25,25
25,5.47009E+18,25,25,25,25,25
25,5.47011E+18,25,25,25,25,25
25,5.47024E+18,25,25,25,25,25
25,5.47026E+18,25,25,25,25,25
25,5.47034E+18,25,25,25,25,25
25,5.47035E+18,25,25,25,25,25
25,5.47035E+18,25,25,25,25,25
25,5.47039E+18,25,25,25,25,25
25,5.47039E+18,25,25,25,25,25
25,5.47044E+18,25,25,25,25,25
25,5.47044E+18,25,25,25,25,25
25,5.47048E+18,25,25,25,25,25
25,5.4705E+18,25,25,25,25,25
25,5.47055E+18,25,25,25,25,25
25,5.47056E+18,25,25,25,25,25
25,5.47058E+18,25,25,25,25,25
25,5.47058E+18,25,25,25,25,25
25,5.47058E+18,25,25,25,25,25
25,5.47059E+18,25,25,25,25,25
25,5.47061E+18,25,25,25,25,25
25,5.47065E+18,25,25,25,25,25
25,5.47066E+18,25,25,25,25,25
25,5.47066E+18,25,25,25,25,25
25,5.47068E+18,25,25,25,25,25
25,5.47068E+18,25,25,25,25,25
25,5.47068E+18,25,25,25,25,25
25,5.47071E+18,25,25,25,25,25
25,5.47071E+18,25,25,25,25,25
25,5.47072E+18,25,25,25,25,25
25,5.47073E+18,25,25,25,25,25
25,5.47073E+18,25,25,25,25,25
25,5.47073E+18,25,25,25,25,25
25,5.47075E+18,25,25,25,25,25
25,5.47076E+18,25,25,25,25,25
25,5.47076E+18,25,25,25,25,25
25,5.47081E+18,25,25,25,25,25
25,5.47084E+18,25,25,25,25,25
25,5.47085E+18,25,25,25,25,25
25,5.47086E+18,25,25,25,25,25
25,5.47086E+18,25,25,25,25,25
25,5.47088E+18,25,25,25,25,25
25,5.47089E+18,25,25,25,25,25
25,5.47093E+18,25,25,25,25,25
25,5.47096E+18,25,25,25,25,25
25,5.47109E+18,25,25,25,25,25
25,5.47109E+18,25,25,25,25,25
25,5.47113E+18,25,25,25,25,25
25,5.47114E+18,25,25,25,25,25
25,5.47116E+18,25,25,25,25,25
25,5.47119E+18,25,25,25,25,25
25,5.47119E+18,25,25,25,25,25
25,5.47121E+18,25,25,25,25,25
25,5.47121E+18,25,25,25,25,25
25,5.47124E+18,25,25,25,25,25
25,5.47126E+18,25,25,25,25,25
25,5.47128E+18,25,25,25,25,25
25,5.47131E+18,25,25,25,25,25
25,5.47132E+18,25,25,25,25,25
25,5.47132E+18,25,25,25,25,25
25,5.47134E+18,25,25,25,25,25
25,5.47136E+18,25,25,25,25,25
25,5.47137E+18,25,25,25,25,25
25,5.4714E+18,25,25,25,25,25
25,5.4714E+18,25,25,25,25,25
25,5.47141E+18,25,25,25,25,25
25,5.47143E+18,25,25,25,25,25
25,5.47144E+18,25,25,25,25,25
25,5.47146E+18,25,25,25,25,25
25,5.47148E+18,25,25,25,25,25
25,5.4715E+18,25,25,25,25,25
25,5.47154E+18,25,25,25,25,25
25,5.47155E+18,25,25,25,25,25
25,5.47156E+18,25,25,25,25,25
25,5.47161E+18,25,25,25,25,25
25,5.47162E+18,25,25,25,25,25
25,5.47163E+18,25,25,25,25,25
25,5.47164E+18,25,25,25,25,25
25,5.47169E+18,25,25,25,25,25
25,5.47175E+18,25,25,25,25,25
25,5.47176E+18,25,25,25,25,25
25,5.47179E+18,25,25,25,25,25
25,5.4719E+18,25,25,25,25,25
25,5.47193E+18,25,25,25,25,25
25,5.47195E+18,25,25,25,25,25
25,5.47196E+18,25,25,25,25,25
25,5.47197E+18,25,25,25,25,25
25,5.47198E+18,25,25,25,25,25
25,5.472E+18,25,25,25,25,25
25,5.47201E+18,25,25,25,25,25
25,5.47204E+18,25,25,25,25,25
25,5.47205E+18,25,25,25,25,25
25,5.47207E+18,25,25,25,25,25
25,5.47207E+18,25,25,25,25,25
25,5.47209E+18,25,25,25,25,25
25,5.47214E+18,25,25,25,25,25
25,5.47214E+18,25,25,25,25,25
25,5.47215E+18,25,25,25,25,25
25,5.47216E+18,25,25,25,25,25
25,5.47223E+18,25,25,25,25,25
25,5.47224E+18,25,25,25,25,25
25,5.47226E+18,25,25,25,25,25
25,5.47227E+18,25,25,25,25,25
25,5.47233E+18,25,25,25,25,25
25,5.47233E+18,25,25,25,25,25
25,5.47241E+18,25,25,25,25,25
25,5.47241E+18,25,25,25,25,25
25,5.47243E+18,25,25,25,25,25
25,5.47247E+18,25,25,25,25,25
25,5.47248E+18,25,25,25,25,25
25,5.47249E+18,25,25,25,25,25
25,5.47251E+18,25,25,25,25,25
25,5.47251E+18,25,25,25,25,25
25,5.47251E+18,25,25,25,25,25
25,5.47252E+18,25,25,25,25,25
25,5.47254E+18,25,25,25,25,25
25,5.47256E+18,25,25,25,25,25
25,5.47271E+18,25,25,25,25,25
25,5.47275E+18,25,25,25,25,25
25,5.47277E+18,25,25,25,25,25
25,5.47277E+18,25,25,25,25,25
25,5.47282E+18,25,25,25,25,25
25,5.47283E+18,25,25,25,25,25
25,5.47283E+18,25,25,25,25,25
25,5.47288E+18,25,25,25,25,25
25,5.47293E+18,25,25,25,25,25
25,5.47293E+18,25,25,25,25,25
25,5.47297E+18,25,25,25,25,25
25,5.47298E+18,25,25,25,25,25
25,5.473E+18,25,25,25,25,25
25,5.47301E+18,25,25,25,25,25
25,5.47302E+18,25,25,25,25,25
25,5.4731E+18,25,25,25,25,25
25,5.4731E+18,25,25,25,25,25
25,5.47312E+18,25,25,25,25,25
25,5.47312E+18,25,25,25,25,25
25,5.47317E+18,25,25,25,25,25
25,5.47317E+18,25,25,25,25,25
25,5.47318E+18,25,25,25,25,25
25,5.47318E+18,25,25,25,25,25
25,5.4732E+18,25,25,25,25,25
25,5.47323E+18,25,25,25,25,25
25,5.47323E+18,25,25,25,25,25
25,5.47325E+18,25,25,25,25,25
25,5.47325E+18,25,25,25,25,25
25,5.47328E+18,25,25,25,25,25
25,5.47328E+18,25,25,25,25,25
25,5.4733E+18,25,25,25,25,25
25,5.47331E+18,25,25,25,25,25
25,5.47333E+18,25,25,25,25,25
25,5.47336E+18,25,25,25,25,25
25,5.47337E+18,25,25,25,25,25
25,5.4734E+18,25,25,25,25,25
25,5.47342E+18,25,25,25,25,25
25,5.47344E+18,25,25,25,25,25
25,5.47356E+18,25,25,25,25,25
25,5.47357E+18,25,25,25,25,25
25,5.47362E+18,25,25,25,25,25
25,5.47364E+18,25,25,25,25,25
25,5.47365E+18,25,25,25,25,25
25,5.47365E+18,25,25,25,25,25
25,5.47367E+18,25,25,25,25,25
25,5.47367E+18,25,25,25,25,25
25,5.4737E+18,25,25,25,25,25
25,5.4737E+18,25,25,25,25,25
25,5.47373E+18,25,25,25,25,25
25,5.47378E+18,25,25,25,25,25
25,5.4738E+18,25,25,25,25,25
25,5.47381E+18,25,25,25,25,25
25,5.47385E+18,25,25,25,25,25
25,5.47389E+18,25,25,25,25,25
25,5.47389E+18,25,25,25,25,25
25,5.4739E+18,25,25,25,25,25
25,5.47392E+18,25,25,25,25,25
25,5.47393E+18,25,25,25,25,25
25,5.47394E+18,25,25,25,25,25
25,5.47398E+18,25,25,25,25,25
25,5.47399E+18,25,25,25,25,25
25,5.474E+18,25,25,25,25,25
25,5.47401E+18,25,25,25,25,25
25,5.47402E+18,25,25,25,25,25
25,5.47402E+18,25,25,25,25,25
25,5.47404E+18,25,25,25,25,25
25,5.47407E+18,25,25,25,25,25
25,5.47408E+18,25,25,25,25,25
25,5.47409E+18,25,25,25,25,25
25,5.4741E+18,25,25,25,25,25
25,5.4741E+18,25,25,25,25,25
25,5.47413E+18,25,25,25,25,25
25,5.47414E+18,25,25,25,25,25
25,5.47414E+18,25,25,25,25,25
25,5.47415E+18,25,25,25,25,25
25,5.47418E+18,25,25,25,25,25
25,5.47421E+18,25,25,25,25,25
25,5.47436E+18,25,25,25,25,25
25,5.47441E+18,25,25,25,25,25
25,5.47444E+18,25,25,25,25,25
25,5.47444E+18,25,25,25,25,25
25,5.47446E+18,25,25,25,25,25
25,5.47447E+18,25,25,25,25,25
25,5.47448E+18,25,25,25,25,25
25,5.47452E+18,25,25,25,25,25
25,5.47452E+18,25,25,25,25,25
25,5.47453E+18,25,25,25,25,25
25,5.4746E+18,25,25,25,25,25
25,5.4746E+18,25,25,25,25,25
25,5.47465E+18,25,25,25,25,25
25,5.47466E+18,25,25,25,25,25
25,5.47468E+18,25,25,25,25,25
25,5.47468E+18,25,25,25,25,25
25,5.47468E+18,25,25,25,25,25
25,5.47472E+18,25,25,25,25,25
25,5.47473E+18,25,25,25,25,25
25,5.4748E+18,25,25,25,25,25
25,5.47481E+18,25,25,25,25,25
25,5.47483E+18,25,25,25,25,25
25,5.47483E+18,25,25,25,25,25
25,5.47484E+18,25,25,25,25,25
25,5.47484E+18,25,25,25,25,25
25,5.47486E+18,25,25,25,25,25
25,5.47489E+18,25,25,25,25,25
25,5.4749E+18,25,25,25,25,25
25,5.47492E+18,25,25,25,25,25
25,5.47492E+18,25,25,25,25,25
25,5.47492E+18,25,25,25,25,25
25,5.47497E+18,25,25,25,25,25
25,5.475E+18,25,25,25,25,25
25,5.47501E+18,25,25,25,25,25
25,5.47505E+18,25,25,25,25,25
25,5.47505E+18,25,25,25,25,25
25,5.47506E+18,25,25,25,25,25
25,5.47508E+18,25,25,25,25,25
25,5.47521E+18,25,25,25,25,25
25,5.47521E+18,25,25,25,25,25
25,5.47523E+18,25,25,25,25,25
25,5.47526E+18,25,25,25,25,25
25,5.47527E+18,25,25,25,25,25
25,5.47528E+18,25,25,25,25,25
25,5.47528E+18,25,25,25,25,25
25,5.47529E+18,25,25,25,25,25
25,5.47529E+18,25,25,25,25,25
25,5.4753E+18,25,25,25,25,25
25,5.47534E+18,25,25,25,25,25
25,5.47543E+18,25,25,25,25,25
25,5.47543E+18,25,25,25,25,25
25,5.47546E+18,25,25,25,25,25
25,5.47547E+18,25,25,25,25,25
25,5.4755E+18,25,25,25,25,25
25,5.47558E+18,25,25,25,25,25
25,5.47559E+18,25,25,25,25,25
25,5.4756E+18,25,25,25,25,25
25,5.47561E+18,25,25,25,25,25
25,5.47564E+18,25,25,25,25,25
25,5.47564E+18,25,25,25,25,25
25,5.47564E+18,25,25,25,25,25
25,5.47565E+18,25,25,25,25,25
25,5.47565E+18,25,25,25,25,25
25,5.47567E+18,25,25,25,25,25
25,5.47568E+18,25,25,25,25,25
25,5.4757E+18,25,25,25,25,25
25,5.47571E+18,25,25,25,25,25
25,5.47571E+18,25,25,25,25,25
25,5.47573E+18,25,25,25,25,25
25,5.47574E+18,25,25,25,25,25
25,5.47577E+18,25,25,25,25,25
25,5.47582E+18,25,25,25,25,25
25,5.47607E+18,25,25,25,25,25
25,5.47607E+18,25,25,25,25,25
25,5.47608E+18,25,25,25,25,25
25,5.47608E+18,25,25,25,25,25
25,5.47613E+18,25,25,25,25,25
25,5.47613E+18,25,25,25,25,25
25,5.47614E+18,25,25,25,25,25
25,5.47621E+18,25,25,25,25,25
25,5.47624E+18,25,25,25,25,25
25,5.47628E+18,25,25,25,25,25
25,5.47629E+18,25,25,25,25,25
25,5.47634E+18,25,25,25,25,25
25,5.47634E+18,25,25,25,25,25
25,5.47635E+18,25,25,25,25,25
25,5.47635E+18,25,25,25,25,25
25,5.47639E+18,25,25,25,25,25
25,5.47643E+18,25,25,25,25,25
25,5.47646E+18,25,25,25,25,25
25,5.47648E+18,25,25,25,25,25
25,5.47653E+18,25,25,25,25,25
25,5.47653E+18,25,25,25,25,25
25,5.47655E+18,25,25,25,25,25
25,5.47655E+18,25,25,25,25,25
25,5.47656E+18,25,25,25,25,25
25,5.47656E+18,25,25,25,25,25
25,5.47663E+18,25,25,25,25,25
25,5.47668E+18,25,25,25,25,25
25,5.4767E+18,25,25,25,25,25
25,5.4768E+18,25,25,25,25,25
25,5.47684E+18,25,25,25,25,25
25,5.47685E+18,25,25,25,25,25
25,5.47687E+18,25,25,25,25,25
25,5.4769E+18,25,25,25,25,25
25,5.47693E+18,25,25,25,25,25
25,5.47693E+18,25,25,25,25,25
25,5.47706E+18,25,25,25,25,25
25,5.47713E+18,25,25,25,25,25
25,5.47716E+18,25,25,25,25,25
25,5.47717E+18,25,25,25,25,25
25,5.4772E+18,25,25,25,25,25
25,5.47721E+18,25,25,25,25,25
25,5.47721E+18,25,25,25,25,25
25,5.47727E+18,25,25,25,25,25
25,5.47728E+18,25,25,25,25,25
25,5.47733E+18,25,25,25,25,25
25,5.47741E+18,25,25,25,25,25
25,5.47747E+18,25,25,25,25,25
25,5.47751E+18,25,25,25,25,25
25,00000000-0000-0000-0000-000000000000,25,25,25,25,25
25,ios,25,25,25,25,25
25,Mozilla/5.0 (iPhone,25,25,25,25,25
25,"Mozilla/5.0 (iPhone; CPU iPhone OS 11_3 like Mac OS X) AppleWebKit/605.1.15 (KHTML, like Gecko) Mobile/15E216",25,25,25,25,25
25,Mozilla/5.0 (Linux; Android 5.0; SM-N900V Build/LRX21V,25,25,25,25,25
25,Mozilla/5.0 (Linux; Android 5.1.1; SM-G360V Build/LMY48B,25,25,25,25,25
25,Mozilla/5.0 (Linux; Android 6.0.1; SM-G900T3 Build/MMB29M,25,25,25,25,25
25,Mozilla/5.0 (Linux; Android 7.0; LG-H910 Build/NRD90M,25,25,25,25,25
25,Mozilla/5.0 (Linux; Android 7.0; LG-US996 Build/NRD90M,25,25,25,25,25
25,Mozilla/5.0 (Linux; Android 7.0; SAMSUNG-SM-G930A Build/NRD90M,25,25,25,25,25
25,Mozilla/5.0 (Linux; Android 7.0; SAMSUNG-SM-G935A Build/NRD90M,25,25,25,25,25
25,Mozilla/5.0 (Linux; Android 7.0; SM-G930V Build/NRD90M,25,25,25,25,25
25,Mozilla/5.0 (Linux; Android 7.0; SM-J327T Build/NRD90M,25,25,25,25,25
25,Mozilla/5.0 (Linux; Android 7.0; SM-J327U Build/NRD90M,25,25,25,25,25
25,Mozilla/5.0 (Linux; Android 7.0; SM-N9208 Build/NRD90M,25,25,25,25,25
25,Mozilla/5.0 (Linux; Android 7.0; VS987 Build/NRD90U,25,25,25,25,25
25,Mozilla/5.0 (Linux; Android 7.1.1; SM-N950U Build/NMF26X,25,25,25,25,25
25,Mozilla/5.0 (Linux; Android 8.0.0; SM-G950U Build/R16NW,25,25,25,25,25
25,"Mozilla/5.0 (Linux; Android 8.0.0; SM-G950U Build/R16NW; wv) AppleWebKit/537.36 (KHTML, like Gecko) Version/4.0 Chrome/65.0.3325.109 Mobile Safari/537.36",25,25,25,25,25
25,Mozilla/5.0 (Linux; Android 8.0.0; SM-G960U Build/R16NW,25,25,25,25,25
25,Mozilla/5.0 (Linux; Android 8.0.0; SM-N950U Build/R16NW,25,25,25,25,25
25,Mozilla/5.0 (Linux; Android 8.1.0; Pixel 2 XL Build/OPM2.171019.029,25,25,25,25,25
25,Mozilla/5.0 (Linux; Android 8.1.0; Pixel Build/OPM2.171019.029,25,25,25,25,25